{"type": "FeatureCollection", "features": [{"type": "Feature", "geometry": {"type": "LineString", "coordinates": [[77.587606, 12.967823], [77.588255, 12.967776]]}, "properties": {"id": "e_osm_0", "source": "n287793735", "target": "n245615180", "criticality": 0.6463, "travelTimeSec": 5.1, "lengthM": 70.6, "roadClass": "arterial", "isBridge": false}}, {"type": "Feature", "geometry": {"type": "LineString", "coordinates": [[77.587606, 12.967823], [77.587367, 12.967475]]}, "properties": {"id": "e_osm_102", "source": "n287793735", "target": "n12128943147", "criticality": 0.1646, "travelTimeSec": 3.8, "lengthM": 52.5, "roadClass": "arterial", "isBridge": false}}, {"type": "Feature", "geometry": {"type": "LineString", "coordinates": [[77.587606, 12.967823], [77.587361, 12.968066]]}, "properties": {"id": "e_osm_292", "source": "n287793735", "target": "n10044013422", "criticality": 0.7088, "travelTimeSec": 2.8, "lengthM": 38.5, "roadClass": "arterial", "isBridge": false}}, {"type": "Feature", "geometry": {"type": "LineString", "coordinates": [[77.588255, 12.967776], [77.588417, 12.967334]]}, "properties": {"id": "e_osm_17", "source": "n245615180", "target": "n249081348", "criticality": 0.4743, "travelTimeSec": 3.9, "lengthM": 54.6, "roadClass": "arterial", "isBridge": false}}, {"type": "Feature", "geometry": {"type": "LineString", "coordinates": [[77.588255, 12.967776], [77.588384, 12.967778]]}, "properties": {"id": "e_osm_108", "source": "n245615180", "target": "n12759084951", "criticality": 0.2144, "travelTimeSec": 1.0, "lengthM": 14.0, "roadClass": "arterial", "isBridge": false}}, {"type": "Feature", "geometry": {"type": "LineString", "coordinates": [[77.601038, 12.965393], [77.601063, 12.963694]]}, "properties": {"id": "e_osm_1", "source": "n248455257", "target": "n248455237", "criticality": 0.0258, "travelTimeSec": 22.8, "lengthM": 190.0, "roadClass": "local", "isBridge": true}}, {"type": "Feature", "geometry": {"type": "LineString", "coordinates": [[77.601038, 12.965393], [77.601414, 12.965442]]}, "properties": {"id": "e_osm_122", "source": "n248455257", "target": "n248455459", "criticality": 0.2305, "travelTimeSec": 3.0, "lengthM": 41.2, "roadClass": "arterial", "isBridge": false}}, {"type": "Feature", "geometry": {"type": "LineString", "coordinates": [[77.601038, 12.965393], [77.599491, 12.965192]]}, "properties": {"id": "e_osm_263", "source": "n248455257", "target": "n248455450", "criticality": 0.2176, "travelTimeSec": 12.2, "lengthM": 169.1, "roadClass": "arterial", "isBridge": false}}, {"type": "Feature", "geometry": {"type": "LineString", "coordinates": [[77.602402, 12.969419], [77.603879, 12.965764]]}, "properties": {"id": "e_osm_2", "source": "n248455468", "target": "n248455472", "criticality": 0.0055, "travelTimeSec": 52.6, "lengthM": 438.6, "roadClass": "local", "isBridge": false}}, {"type": "Feature", "geometry": {"type": "LineString", "coordinates": [[77.602402, 12.969419], [77.600335, 12.968]]}, "properties": {"id": "e_osm_194", "source": "n248455468", "target": "n11496183647", "criticality": 0.343, "travelTimeSec": 19.8, "lengthM": 274.7, "roadClass": "arterial", "isBridge": false}}, {"type": "Feature", "geometry": {"type": "LineString", "coordinates": [[77.602402, 12.969419], [77.604807, 12.970902]]}, "properties": {"id": "e_osm_195", "source": "n248455468", "target": "n60952254", "criticality": 0.3508, "travelTimeSec": 22.3, "lengthM": 309.6, "roadClass": "arterial", "isBridge": false}}, {"type": "Feature", "geometry": {"type": "LineString", "coordinates": [[77.603879, 12.965764], [77.606583, 12.966187]]}, "properties": {"id": "e_osm_119", "source": "n248455472", "target": "n13507201648", "criticality": 0.1819, "travelTimeSec": 21.4, "lengthM": 296.9, "roadClass": "arterial", "isBridge": false}}, {"type": "Feature", "geometry": {"type": "LineString", "coordinates": [[77.603879, 12.965764], [77.601487, 12.965451]]}, "properties": {"id": "e_osm_120", "source": "n248455472", "target": "n6421171406", "criticality": 0.1987, "travelTimeSec": 18.8, "lengthM": 261.5, "roadClass": "arterial", "isBridge": false}}, {"type": "Feature", "geometry": {"type": "LineString", "coordinates": [[77.607, 12.971303], [77.606242, 12.968474]]}, "properties": {"id": "e_osm_3", "source": "n1232963659", "target": "n9933265930", "criticality": 0.2301, "travelTimeSec": 39.1, "lengthM": 325.9, "roadClass": "local", "isBridge": false}}, {"type": "Feature", "geometry": {"type": "LineString", "coordinates": [[77.607, 12.971303], [77.606753, 12.971481]]}, "properties": {"id": "e_osm_11", "source": "n1232963659", "target": "n7141213464", "criticality": 0.0804, "travelTimeSec": 2.5, "lengthM": 34.5, "roadClass": "arterial", "isBridge": false}}, {"type": "Feature", "geometry": {"type": "LineString", "coordinates": [[77.607, 12.971303], [77.607039, 12.971451]]}, "properties": {"id": "e_osm_281", "source": "n1232963659", "target": "n5372824878", "criticality": 0.3063, "travelTimeSec": 2.0, "lengthM": 17.0, "roadClass": "local", "isBridge": false}}, {"type": "Feature", "geometry": {"type": "LineString", "coordinates": [[77.606242, 12.968474], [77.606804, 12.966325]]}, "properties": {"id": "e_osm_139", "source": "n9933265930", "target": "n10120806032", "criticality": 0.2081, "travelTimeSec": 29.8, "lengthM": 248.2, "roadClass": "local", "isBridge": false}}, {"type": "Feature", "geometry": {"type": "LineString", "coordinates": [[77.606242, 12.968474], [77.606012, 12.968434]]}, "properties": {"id": "e_osm_293", "source": "n9933265930", "target": "n12460929618", "criticality": 0.0255, "travelTimeSec": 3.0, "lengthM": 25.3, "roadClass": "local", "isBridge": false}}, {"type": "Feature", "geometry": {"type": "LineString", "coordinates": [[77.607083, 12.972331], [77.607359, 12.972072]]}, "properties": {"id": "e_osm_4", "source": "n3355740080", "target": "n248459797", "criticality": 0.0272, "travelTimeSec": 5.2, "lengthM": 43.4, "roadClass": "local", "isBridge": false}}, {"type": "Feature", "geometry": {"type": "LineString", "coordinates": [[77.607083, 12.972331], [77.607925, 12.974956]]}, "properties": {"id": "e_osm_341", "source": "n3355740080", "target": "n10123752379", "criticality": 0.5817, "travelTimeSec": 36.7, "lengthM": 305.9, "roadClass": "local", "isBridge": false}}, {"type": "Feature", "geometry": {"type": "LineString", "coordinates": [[77.607083, 12.972331], [77.607044, 12.971927]]}, "properties": {"id": "e_osm_422", "source": "n3355740080", "target": "n248455485", "criticality": 0.5513, "travelTimeSec": 5.4, "lengthM": 45.4, "roadClass": "local", "isBridge": false}}, {"type": "Feature", "geometry": {"type": "LineString", "coordinates": [[77.607359, 12.972072], [77.610261, 12.973471]]}, "properties": {"id": "e_osm_88", "source": "n248459797", "target": "n11283487985", "criticality": 0.0258, "travelTimeSec": 25.3, "lengthM": 351.8, "roadClass": "arterial", "isBridge": true}}, {"type": "Feature", "geometry": {"type": "LineString", "coordinates": [[77.607359, 12.972072], [77.607044, 12.971927]]}, "properties": {"id": "e_osm_402", "source": "n248459797", "target": "n248455485", "criticality": 0.0241, "travelTimeSec": 2.7, "lengthM": 37.7, "roadClass": "arterial", "isBridge": false}}, {"type": "Feature", "geometry": {"type": "LineString", "coordinates": [[77.604442, 12.971803], [77.603259, 12.972852]]}, "properties": {"id": "e_osm_5", "source": "n423784673", "target": "n248459812", "criticality": 0.0982, "travelTimeSec": 21.7, "lengthM": 180.6, "roadClass": "local", "isBridge": false}}, {"type": "Feature", "geometry": {"type": "LineString", "coordinates": [[77.604442, 12.971803], [77.604807, 12.970902]]}, "properties": {"id": "e_osm_424", "source": "n423784673", "target": "n60952254", "criticality": 0.1003, "travelTimeSec": 12.9, "lengthM": 107.8, "roadClass": "local", "isBridge": false}}, {"type": "Feature", "geometry": {"type": "LineString", "coordinates": [[77.603259, 12.972852], [77.601535, 12.972973]]}, "properties": {"id": "e_osm_311", "source": "n248459812", "target": "n248459811", "criticality": 0.1042, "travelTimeSec": 22.5, "lengthM": 187.4, "roadClass": "local", "isBridge": false}}, {"type": "Feature", "geometry": {"type": "LineString", "coordinates": [[77.60115, 12.972247], [77.600745, 12.970337]]}, "properties": {"id": "e_osm_6", "source": "n1492519184", "target": "n248459829", "criticality": 0.2186, "travelTimeSec": 26.0, "lengthM": 217.0, "roadClass": "local", "isBridge": false}}, {"type": "Feature", "geometry": {"type": "LineString", "coordinates": [[77.60115, 12.972247], [77.601274, 12.972799]]}, "properties": {"id": "e_osm_466", "source": "n1492519184", "target": "n248459827", "criticality": 0.2301, "travelTimeSec": 7.6, "lengthM": 63.1, "roadClass": "local", "isBridge": false}}, {"type": "Feature", "geometry": {"type": "LineString", "coordinates": [[77.600745, 12.970337], [77.600335, 12.968]]}, "properties": {"id": "e_osm_7", "source": "n248459829", "target": "n11496183647", "criticality": 0.2361, "travelTimeSec": 32.3, "lengthM": 268.9, "roadClass": "local", "isBridge": false}}, {"type": "Feature", "geometry": {"type": "LineString", "coordinates": [[77.600745, 12.970337], [77.59798, 12.971127]]}, "properties": {"id": "e_osm_87", "source": "n248459829", "target": "n10060517433", "criticality": 0.0319, "travelTimeSec": 37.5, "lengthM": 312.2, "roadClass": "local", "isBridge": false}}, {"type": "Feature", "geometry": {"type": "LineString", "coordinates": [[77.600335, 12.968], [77.599699, 12.967524]]}, "properties": {"id": "e_osm_193", "source": "n11496183647", "target": "n2189688559", "criticality": 0.4566, "travelTimeSec": 6.3, "lengthM": 87.0, "roadClass": "arterial", "isBridge": false}}, {"type": "Feature", "geometry": {"type": "LineString", "coordinates": [[77.600335, 12.968], [77.600826, 12.967337]]}, "properties": {"id": "e_osm_304", "source": "n11496183647", "target": "n1067781033", "criticality": 0.1169, "travelTimeSec": 10.9, "lengthM": 91.0, "roadClass": "local", "isBridge": false}}, {"type": "Feature", "geometry": {"type": "LineString", "coordinates": [[77.59935, 12.973376], [77.601066, 12.973094]]}, "properties": {"id": "e_osm_8", "source": "n12118748984", "target": "n248459838", "criticality": 0.0768, "travelTimeSec": 23.6, "lengthM": 196.3, "roadClass": "local", "isBridge": false}}, {"type": "Feature", "geometry": {"type": "LineString", "coordinates": [[77.59935, 12.973376], [77.597967, 12.971357]]}, "properties": {"id": "e_osm_55", "source": "n12118748984", "target": "n11383327924", "criticality": 0.0933, "travelTimeSec": 32.9, "lengthM": 274.1, "roadClass": "local", "isBridge": false}}, {"type": "Feature", "geometry": {"type": "LineString", "coordinates": [[77.59935, 12.973376], [77.59936, 12.976447]]}, "properties": {"id": "e_osm_59", "source": "n12118748984", "target": "n6834406260", "criticality": 0.0628, "travelTimeSec": 43.7, "lengthM": 363.9, "roadClass": "local", "isBridge": false}}, {"type": "Feature", "geometry": {"type": "LineString", "coordinates": [[77.601066, 12.973094], [77.601274, 12.972799]]}, "properties": {"id": "e_osm_9", "source": "n248459838", "target": "n248459827", "criticality": 0.2463, "travelTimeSec": 5.1, "lengthM": 42.3, "roadClass": "local", "isBridge": false}}, {"type": "Feature", "geometry": {"type": "LineString", "coordinates": [[77.601066, 12.973094], [77.601325, 12.973267]]}, "properties": {"id": "e_osm_418", "source": "n248459838", "target": "n1536595785", "criticality": 0.2791, "travelTimeSec": 4.1, "lengthM": 34.0, "roadClass": "local", "isBridge": false}}, {"type": "Feature", "geometry": {"type": "LineString", "coordinates": [[77.601274, 12.972799], [77.601535, 12.972973]]}, "properties": {"id": "e_osm_417", "source": "n248459827", "target": "n248459811", "criticality": 0.0165, "travelTimeSec": 4.2, "lengthM": 34.6, "roadClass": "local", "isBridge": false}}, {"type": "Feature", "geometry": {"type": "LineString", "coordinates": [[77.597754, 12.971204], [77.594697, 12.971848]]}, "properties": {"id": "e_osm_10", "source": "n248459840", "target": "n11506245565", "criticality": 0.0509, "travelTimeSec": 41.6, "lengthM": 346.9, "roadClass": "local", "isBridge": false}}, {"type": "Feature", "geometry": {"type": "LineString", "coordinates": [[77.597754, 12.971204], [77.596755, 12.965145]]}, "properties": {"id": "e_osm_86", "source": "n248459840", "target": "n248455457", "criticality": 0.0017, "travelTimeSec": 86.1, "lengthM": 717.6, "roadClass": "local", "isBridge": false}}, {"type": "Feature", "geometry": {"type": "LineString", "coordinates": [[77.597754, 12.971204], [77.597745, 12.97124]]}, "properties": {"id": "e_osm_450", "source": "n248459840", "target": "n12558269342", "criticality": 0.0472, "travelTimeSec": 0.5, "lengthM": 4.1, "roadClass": "local", "isBridge": false}}, {"type": "Feature", "geometry": {"type": "LineString", "coordinates": [[77.597754, 12.971204], [77.59798, 12.971127]]}, "properties": {"id": "e_osm_453", "source": "n248459840", "target": "n10060517433", "criticality": 0.0175, "travelTimeSec": 3.1, "lengthM": 26.2, "roadClass": "local", "isBridge": false}}, {"type": "Feature", "geometry": {"type": "LineString", "coordinates": [[77.594697, 12.971848], [77.594247, 12.972022]]}, "properties": {"id": "e_osm_400", "source": "n11506245565", "target": "n4058224813", "criticality": 0.0744, "travelTimeSec": 6.3, "lengthM": 52.5, "roadClass": "local", "isBridge": false}}, {"type": "Feature", "geometry": {"type": "LineString", "coordinates": [[77.606753, 12.971481], [77.606108, 12.971477]]}, "properties": {"id": "e_osm_282", "source": "n7141213464", "target": "n248459877", "criticality": 0.0772, "travelTimeSec": 5.0, "lengthM": 70.0, "roadClass": "arterial", "isBridge": false}}, {"type": "Feature", "geometry": {"type": "LineString", "coordinates": [[77.597724, 12.983948], [77.597199, 12.984327]]}, "properties": {"id": "e_osm_12", "source": "n249082069", "target": "n12803624101", "criticality": 0.1888, "travelTimeSec": 8.5, "lengthM": 70.9, "roadClass": "local", "isBridge": false}}, {"type": "Feature", "geometry": {"type": "LineString", "coordinates": [[77.597724, 12.983948], [77.60163, 12.984573]]}, "properties": {"id": "e_osm_137", "source": "n249082069", "target": "n294079186", "criticality": 0.1666, "travelTimeSec": 51.6, "lengthM": 429.9, "roadClass": "local", "isBridge": false}}, {"type": "Feature", "geometry": {"type": "LineString", "coordinates": [[77.597199, 12.984327], [77.59709, 12.984156]]}, "properties": {"id": "e_osm_134", "source": "n12803624101", "target": "n12433045764", "criticality": 0.4127, "travelTimeSec": 1.6, "lengthM": 22.4, "roadClass": "arterial", "isBridge": false}}, {"type": "Feature", "geometry": {"type": "LineString", "coordinates": [[77.597199, 12.984327], [77.597153, 12.984396]]}, "properties": {"id": "e_osm_463", "source": "n12803624101", "target": "n12827961143", "criticality": 0.0781, "travelTimeSec": 0.7, "lengthM": 9.2, "roadClass": "arterial", "isBridge": false}}, {"type": "Feature", "geometry": {"type": "LineString", "coordinates": [[77.597199, 12.984327], [77.597284, 12.984424]]}, "properties": {"id": "e_osm_464", "source": "n12803624101", "target": "n12803586900", "criticality": 0.1366, "travelTimeSec": 1.0, "lengthM": 14.1, "roadClass": "arterial", "isBridge": false}}, {"type": "Feature", "geometry": {"type": "LineString", "coordinates": [[77.587367, 12.967475], [77.587099, 12.967942]]}, "properties": {"id": "e_osm_13", "source": "n12128943147", "target": "n665062617", "criticality": 0.1135, "travelTimeSec": 4.3, "lengthM": 59.5, "roadClass": "arterial", "isBridge": false}}, {"type": "Feature", "geometry": {"type": "LineString", "coordinates": [[77.587367, 12.967475], [77.587421, 12.966951]]}, "properties": {"id": "e_osm_192", "source": "n12128943147", "target": "n287793596", "criticality": 0.2546, "travelTimeSec": 4.2, "lengthM": 58.6, "roadClass": "arterial", "isBridge": false}}, {"type": "Feature", "geometry": {"type": "LineString", "coordinates": [[77.587099, 12.967942], [77.581676, 12.972766]]}, "properties": {"id": "e_osm_14", "source": "n665062617", "target": "n1087824452", "criticality": 0.0258, "travelTimeSec": 57.4, "lengthM": 797.2, "roadClass": "arterial", "isBridge": true}}, {"type": "Feature", "geometry": {"type": "LineString", "coordinates": [[77.587099, 12.967942], [77.587361, 12.968066]]}, "properties": {"id": "e_osm_71", "source": "n665062617", "target": "n10044013422", "criticality": 0.1601, "travelTimeSec": 2.3, "lengthM": 31.8, "roadClass": "arterial", "isBridge": false}}, {"type": "Feature", "geometry": {"type": "LineString", "coordinates": [[77.604368, 12.981867], [77.603862, 12.980407]]}, "properties": {"id": "e_osm_15", "source": "n287905127", "target": "n254665683", "criticality": 0.0252, "travelTimeSec": 20.6, "lengthM": 171.5, "roadClass": "local", "isBridge": false}}, {"type": "Feature", "geometry": {"type": "LineString", "coordinates": [[77.604368, 12.981867], [77.607693, 12.980842]]}, "properties": {"id": "e_osm_20", "source": "n287905127", "target": "n287904822", "criticality": 0.008, "travelTimeSec": 45.4, "lengthM": 378.3, "roadClass": "local", "isBridge": false}}, {"type": "Feature", "geometry": {"type": "LineString", "coordinates": [[77.604368, 12.981867], [77.603496, 12.982139]]}, "properties": {"id": "e_osm_96", "source": "n287905127", "target": "n1523537066", "criticality": 0.0108, "travelTimeSec": 11.9, "lengthM": 99.2, "roadClass": "local", "isBridge": false}}, {"type": "Feature", "geometry": {"type": "LineString", "coordinates": [[77.603862, 12.980407], [77.603454, 12.978999]]}, "properties": {"id": "e_osm_16", "source": "n254665683", "target": "n254665688", "criticality": 0.0469, "travelTimeSec": 19.7, "lengthM": 164.0, "roadClass": "local", "isBridge": false}}, {"type": "Feature", "geometry": {"type": "LineString", "coordinates": [[77.603862, 12.980407], [77.602906, 12.980743]]}, "properties": {"id": "e_osm_79", "source": "n254665683", "target": "n254665681", "criticality": 0.0023, "travelTimeSec": 13.2, "lengthM": 110.2, "roadClass": "local", "isBridge": false}}, {"type": "Feature", "geometry": {"type": "LineString", "coordinates": [[77.603862, 12.980407], [77.607095, 12.979268]]}, "properties": {"id": "e_osm_80", "source": "n254665683", "target": "n287905080", "criticality": 0.002, "travelTimeSec": 44.7, "lengthM": 372.5, "roadClass": "local", "isBridge": false}}, {"type": "Feature", "geometry": {"type": "LineString", "coordinates": [[77.603454, 12.978999], [77.604943, 12.978508]]}, "properties": {"id": "e_osm_81", "source": "n254665688", "target": "n3740962472", "criticality": 0.3255, "travelTimeSec": 12.3, "lengthM": 170.3, "roadClass": "arterial", "isBridge": false}}, {"type": "Feature", "geometry": {"type": "LineString", "coordinates": [[77.603454, 12.978999], [77.602513, 12.979284]]}, "properties": {"id": "e_osm_351", "source": "n254665688", "target": "n6421110959", "criticality": 0.3651, "travelTimeSec": 7.7, "lengthM": 106.8, "roadClass": "arterial", "isBridge": false}}, {"type": "Feature", "geometry": {"type": "LineString", "coordinates": [[77.588417, 12.967334], [77.587941, 12.966845]]}, "properties": {"id": "e_osm_100", "source": "n249081348", "target": "n286679311", "criticality": 0.1406, "travelTimeSec": 5.4, "lengthM": 75.0, "roadClass": "arterial", "isBridge": false}}, {"type": "Feature", "geometry": {"type": "LineString", "coordinates": [[77.588417, 12.967334], [77.588757, 12.96751]]}, "properties": {"id": "e_osm_430", "source": "n249081348", "target": "n663313887", "criticality": 0.5665, "travelTimeSec": 3.0, "lengthM": 41.7, "roadClass": "arterial", "isBridge": false}}, {"type": "Feature", "geometry": {"type": "LineString", "coordinates": [[77.59407, 12.972259], [77.594226, 12.97246]]}, "properties": {"id": "e_osm_18", "source": "n4058224855", "target": "n3943327578", "criticality": 0.113, "travelTimeSec": 3.4, "lengthM": 28.0, "roadClass": "local", "isBridge": false}}, {"type": "Feature", "geometry": {"type": "LineString", "coordinates": [[77.59407, 12.972259], [77.594011, 12.972206]]}, "properties": {"id": "e_osm_316", "source": "n4058224855", "target": "n246397920", "criticality": 0.1138, "travelTimeSec": 1.0, "lengthM": 8.7, "roadClass": "local", "isBridge": false}}, {"type": "Feature", "geometry": {"type": "LineString", "coordinates": [[77.594226, 12.97246], [77.593885, 12.972423]]}, "properties": {"id": "e_osm_182", "source": "n3943327578", "target": "n3943327577", "criticality": 0.0268, "travelTimeSec": 4.6, "lengthM": 38.1, "roadClass": "local", "isBridge": false}}, {"type": "Feature", "geometry": {"type": "LineString", "coordinates": [[77.594226, 12.97246], [77.598726, 12.976297]]}, "properties": {"id": "e_osm_385", "source": "n3943327578", "target": "n12147816737", "criticality": 0.1346, "travelTimeSec": 78.1, "lengthM": 651.0, "roadClass": "local", "isBridge": false}}, {"type": "Feature", "geometry": {"type": "LineString", "coordinates": [[77.601535, 12.972973], [77.601325, 12.973267]]}, "properties": {"id": "e_osm_19", "source": "n248459811", "target": "n1536595785", "criticality": 0.1068, "travelTimeSec": 5.2, "lengthM": 43.3, "roadClass": "local", "isBridge": false}}, {"type": "Feature", "geometry": {"type": "LineString", "coordinates": [[77.601325, 12.973267], [77.601487, 12.974461]]}, "properties": {"id": "e_osm_469", "source": "n1536595785", "target": "n10286307779", "criticality": 0.3772, "travelTimeSec": 16.1, "lengthM": 134.1, "roadClass": "local", "isBridge": false}}, {"type": "Feature", "geometry": {"type": "LineString", "coordinates": [[77.607693, 12.980842], [77.607095, 12.979268]]}, "properties": {"id": "e_osm_97", "source": "n287904822", "target": "n287905080", "criticality": 0.0469, "travelTimeSec": 22.4, "lengthM": 186.6, "roadClass": "local", "isBridge": false}}, {"type": "Feature", "geometry": {"type": "LineString", "coordinates": [[77.607693, 12.980842], [77.608046, 12.98172]]}, "properties": {"id": "e_osm_98", "source": "n287904822", "target": "n1567429298", "criticality": 0.0296, "travelTimeSec": 12.6, "lengthM": 104.8, "roadClass": "local", "isBridge": false}}, {"type": "Feature", "geometry": {"type": "LineString", "coordinates": [[77.603396, 12.982168], [77.603601, 12.984062]]}, "properties": {"id": "e_osm_21", "source": "n294079537", "target": "n1523537380", "criticality": 0.2005, "travelTimeSec": 26.8, "lengthM": 223.6, "roadClass": "local", "isBridge": false}}, {"type": "Feature", "geometry": {"type": "LineString", "coordinates": [[77.603396, 12.982168], [77.603496, 12.982139]]}, "properties": {"id": "e_osm_432", "source": "n294079537", "target": "n1523537066", "criticality": 0.0926, "travelTimeSec": 1.4, "lengthM": 11.3, "roadClass": "local", "isBridge": false}}, {"type": "Feature", "geometry": {"type": "LineString", "coordinates": [[77.603396, 12.982168], [77.603322, 12.981954]]}, "properties": {"id": "e_osm_480", "source": "n294079537", "target": "n13855086718", "criticality": 0.3043, "travelTimeSec": 3.0, "lengthM": 25.1, "roadClass": "local", "isBridge": false}}, {"type": "Feature", "geometry": {"type": "LineString", "coordinates": [[77.603601, 12.984062], [77.603803, 12.984121]]}, "properties": {"id": "e_osm_22", "source": "n1523537380", "target": "n10017330886", "criticality": 0.1715, "travelTimeSec": 2.8, "lengthM": 23.4, "roadClass": "local", "isBridge": false}}, {"type": "Feature", "geometry": {"type": "LineString", "coordinates": [[77.603601, 12.984062], [77.603217, 12.984187]]}, "properties": {"id": "e_osm_136", "source": "n1523537380", "target": "n1523537382", "criticality": 0.2145, "travelTimeSec": 5.3, "lengthM": 43.9, "roadClass": "local", "isBridge": false}}, {"type": "Feature", "geometry": {"type": "LineString", "coordinates": [[77.603803, 12.984121], [77.603891, 12.984125]]}, "properties": {"id": "e_osm_478", "source": "n10017330886", "target": "n287905341", "criticality": 0.1479, "travelTimeSec": 1.1, "lengthM": 9.6, "roadClass": "local", "isBridge": false}}, {"type": "Feature", "geometry": {"type": "LineString", "coordinates": [[77.601622, 12.984614], [77.601635, 12.984668]]}, "properties": {"id": "e_osm_23", "source": "n3881643698", "target": "n2462936981", "criticality": 0.002, "travelTimeSec": 0.7, "lengthM": 6.2, "roadClass": "local", "isBridge": false}}, {"type": "Feature", "geometry": {"type": "LineString", "coordinates": [[77.601622, 12.984614], [77.60163, 12.984573]]}, "properties": {"id": "e_osm_198", "source": "n3881643698", "target": "n294079186", "criticality": 0.026, "travelTimeSec": 0.6, "lengthM": 4.7, "roadClass": "local", "isBridge": false}}, {"type": "Feature", "geometry": {"type": "LineString", "coordinates": [[77.601635, 12.984668], [77.601728, 12.98468]]}, "properties": {"id": "e_osm_174", "source": "n2462936981", "target": "n2462936982", "criticality": 0.0747, "travelTimeSec": 1.3, "lengthM": 10.6, "roadClass": "local", "isBridge": false}}, {"type": "Feature", "geometry": {"type": "LineString", "coordinates": [[77.601635, 12.984668], [77.598564, 12.984112]]}, "properties": {"id": "e_osm_190", "source": "n2462936981", "target": "n3226590481", "criticality": 0.0781, "travelTimeSec": 40.6, "lengthM": 338.6, "roadClass": "local", "isBridge": false}}, {"type": "Feature", "geometry": {"type": "LineString", "coordinates": [[77.605352, 12.985532], [77.601761, 12.984754]]}, "properties": {"id": "e_osm_24", "source": "n249082071", "target": "n428847119", "criticality": 0.0118, "travelTimeSec": 47.9, "lengthM": 398.9, "roadClass": "local", "isBridge": false}}, {"type": "Feature", "geometry": {"type": "LineString", "coordinates": [[77.605352, 12.985532], [77.604883, 12.98413]]}, "properties": {"id": "e_osm_32", "source": "n249082071", "target": "n287905344", "criticality": 0.014, "travelTimeSec": 19.9, "lengthM": 165.5, "roadClass": "local", "isBridge": false}}, {"type": "Feature", "geometry": {"type": "LineString", "coordinates": [[77.601761, 12.984754], [77.601893, 12.986581]]}, "properties": {"id": "e_osm_397", "source": "n428847119", "target": "n11459182444", "criticality": 0.0258, "travelTimeSec": 24.5, "lengthM": 203.8, "roadClass": "local", "isBridge": true}}, {"type": "Feature", "geometry": {"type": "LineString", "coordinates": [[77.601761, 12.984754], [77.601728, 12.98468]]}, "properties": {"id": "e_osm_398", "source": "n428847119", "target": "n2462936982", "criticality": 0.0629, "travelTimeSec": 1.1, "lengthM": 8.9, "roadClass": "local", "isBridge": false}}, {"type": "Feature", "geometry": {"type": "LineString", "coordinates": [[77.589581, 12.98598], [77.591732, 12.983508]]}, "properties": {"id": "e_osm_25", "source": "n10121158732", "target": "n10016225540", "criticality": 0.0229, "travelTimeSec": 26.0, "lengthM": 360.7, "roadClass": "arterial", "isBridge": false}}, {"type": "Feature", "geometry": {"type": "LineString", "coordinates": [[77.589581, 12.98598], [77.588324, 12.984687]]}, "properties": {"id": "e_osm_40", "source": "n10121158732", "target": "n1436067886", "criticality": 0.0028, "travelTimeSec": 23.8, "lengthM": 198.5, "roadClass": "local", "isBridge": false}}, {"type": "Feature", "geometry": {"type": "LineString", "coordinates": [[77.591732, 12.983508], [77.592327, 12.983119]]}, "properties": {"id": "e_osm_26", "source": "n10016225540", "target": "n11675668171", "criticality": 0.0456, "travelTimeSec": 5.6, "lengthM": 78.2, "roadClass": "arterial", "isBridge": false}}, {"type": "Feature", "geometry": {"type": "LineString", "coordinates": [[77.591732, 12.983508], [77.591589, 12.983298]]}, "properties": {"id": "e_osm_126", "source": "n10016225540", "target": "n1837595282", "criticality": 0.003, "travelTimeSec": 2.4, "lengthM": 33.3, "roadClass": "arterial", "isBridge": false}}, {"type": "Feature", "geometry": {"type": "LineString", "coordinates": [[77.592327, 12.983119], [77.592292, 12.982937]]}, "properties": {"id": "e_osm_48", "source": "n11675668171", "target": "n665045355", "criticality": 0.1043, "travelTimeSec": 1.5, "lengthM": 20.7, "roadClass": "arterial", "isBridge": false}}, {"type": "Feature", "geometry": {"type": "LineString", "coordinates": [[77.592327, 12.983119], [77.592341, 12.983155]]}, "properties": {"id": "e_osm_441", "source": "n11675668171", "target": "n10016225575", "criticality": 0.0513, "travelTimeSec": 0.3, "lengthM": 4.3, "roadClass": "arterial", "isBridge": false}}, {"type": "Feature", "geometry": {"type": "LineString", "coordinates": [[77.59709, 12.984156], [77.597127, 12.98364]]}, "properties": {"id": "e_osm_27", "source": "n12433045764", "target": "n663596611", "criticality": 0.2409, "travelTimeSec": 4.1, "lengthM": 57.6, "roadClass": "arterial", "isBridge": false}}, {"type": "Feature", "geometry": {"type": "LineString", "coordinates": [[77.59709, 12.984156], [77.595861, 12.983192]]}, "properties": {"id": "e_osm_447", "source": "n12433045764", "target": "n10121033916", "criticality": 0.2787, "travelTimeSec": 12.3, "lengthM": 171.0, "roadClass": "arterial", "isBridge": false}}, {"type": "Feature", "geometry": {"type": "LineString", "coordinates": [[77.59709, 12.984156], [77.596999, 12.98425]]}, "properties": {"id": "e_osm_465", "source": "n12433045764", "target": "n10601663791", "criticality": 0.0672, "travelTimeSec": 1.0, "lengthM": 14.4, "roadClass": "arterial", "isBridge": false}}, {"type": "Feature", "geometry": {"type": "LineString", "coordinates": [[77.597127, 12.98364], [77.597151, 12.982727]]}, "properties": {"id": "e_osm_205", "source": "n663596611", "target": "n11342970531", "criticality": 0.2432, "travelTimeSec": 7.3, "lengthM": 101.6, "roadClass": "arterial", "isBridge": false}}, {"type": "Feature", "geometry": {"type": "LineString", "coordinates": [[77.597933, 12.965966], [77.598083, 12.966085]]}, "properties": {"id": "e_osm_28", "source": "n248455458", "target": "n9910066830", "criticality": 0.0514, "travelTimeSec": 1.5, "lengthM": 21.0, "roadClass": "arterial", "isBridge": true}}, {"type": "Feature", "geometry": {"type": "LineString", "coordinates": [[77.597933, 12.965966], [77.596202, 12.963617]]}, "properties": {"id": "e_osm_91", "source": "n248455458", "target": "n1454651936", "criticality": 0.0258, "travelTimeSec": 23.6, "lengthM": 328.2, "roadClass": "arterial", "isBridge": true}}, {"type": "Feature", "geometry": {"type": "LineString", "coordinates": [[77.598083, 12.966085], [77.597024, 12.965314]]}, "properties": {"id": "e_osm_38", "source": "n9910066830", "target": "n428435126", "criticality": 0.6227, "travelTimeSec": 10.4, "lengthM": 144.7, "roadClass": "arterial", "isBridge": false}}, {"type": "Feature", "geometry": {"type": "LineString", "coordinates": [[77.598083, 12.966085], [77.598404, 12.966377]]}, "properties": {"id": "e_osm_306", "source": "n9910066830", "target": "n60952268", "criticality": 0.4411, "travelTimeSec": 3.4, "lengthM": 47.5, "roadClass": "arterial", "isBridge": false}}, {"type": "Feature", "geometry": {"type": "LineString", "coordinates": [[77.598083, 12.966085], [77.597087, 12.965116]]}, "properties": {"id": "e_osm_473", "source": "n9910066830", "target": "n1067769842", "criticality": 0.3909, "travelTimeSec": 11.2, "lengthM": 155.6, "roadClass": "arterial", "isBridge": false}}, {"type": "Feature", "geometry": {"type": "LineString", "coordinates": [[77.601668, 12.975799], [77.600538, 12.976568]]}, "properties": {"id": "e_osm_29", "source": "n248459808", "target": "n334473846", "criticality": 0.0343, "travelTimeSec": 18.3, "lengthM": 152.4, "roadClass": "local", "isBridge": false}}, {"type": "Feature", "geometry": {"type": "LineString", "coordinates": [[77.601668, 12.975799], [77.601799, 12.976518]]}, "properties": {"id": "e_osm_284", "source": "n248459808", "target": "n10016346056", "criticality": 0.3712, "travelTimeSec": 9.7, "lengthM": 81.2, "roadClass": "local", "isBridge": false}}, {"type": "Feature", "geometry": {"type": "LineString", "coordinates": [[77.601668, 12.975799], [77.601542, 12.974847]]}, "properties": {"id": "e_osm_336", "source": "n248459808", "target": "n10286307776", "criticality": 0.3909, "travelTimeSec": 12.8, "lengthM": 106.8, "roadClass": "local", "isBridge": false}}, {"type": "Feature", "geometry": {"type": "LineString", "coordinates": [[77.600538, 12.976568], [77.601799, 12.976518]]}, "properties": {"id": "e_osm_117", "source": "n334473846", "target": "n10016346056", "criticality": 0.0907, "travelTimeSec": 16.4, "lengthM": 136.8, "roadClass": "local", "isBridge": false}}, {"type": "Feature", "geometry": {"type": "LineString", "coordinates": [[77.600538, 12.976568], [77.600008, 12.976593]]}, "properties": {"id": "e_osm_310", "source": "n334473846", "target": "n10083741121", "criticality": 0.1282, "travelTimeSec": 6.9, "lengthM": 57.6, "roadClass": "local", "isBridge": false}}, {"type": "Feature", "geometry": {"type": "LineString", "coordinates": [[77.603891, 12.984125], [77.604883, 12.98413]]}, "properties": {"id": "e_osm_30", "source": "n287905341", "target": "n287905344", "criticality": 0.0904, "travelTimeSec": 12.9, "lengthM": 107.5, "roadClass": "local", "isBridge": false}}, {"type": "Feature", "geometry": {"type": "LineString", "coordinates": [[77.603891, 12.984125], [77.603816, 12.984089]]}, "properties": {"id": "e_osm_479", "source": "n287905341", "target": "n13823736261", "criticality": 0.0407, "travelTimeSec": 1.1, "lengthM": 9.0, "roadClass": "local", "isBridge": false}}, {"type": "Feature", "geometry": {"type": "LineString", "coordinates": [[77.604883, 12.98413], [77.605156, 12.984082]]}, "properties": {"id": "e_osm_31", "source": "n287905344", "target": "n596445882", "criticality": 0.0514, "travelTimeSec": 3.6, "lengthM": 30.1, "roadClass": "local", "isBridge": true}}, {"type": "Feature", "geometry": {"type": "LineString", "coordinates": [[77.605156, 12.984082], [77.605692, 12.985631]]}, "properties": {"id": "e_osm_58", "source": "n596445882", "target": "n294079863", "criticality": 0.0258, "travelTimeSec": 21.8, "lengthM": 181.7, "roadClass": "local", "isBridge": true}}, {"type": "Feature", "geometry": {"type": "LineString", "coordinates": [[77.599291, 12.965163], [77.598481, 12.965044]]}, "properties": {"id": "e_osm_33", "source": "n12096420243", "target": "n428435147", "criticality": 0.0514, "travelTimeSec": 6.4, "lengthM": 88.8, "roadClass": "arterial", "isBridge": true}}, {"type": "Feature", "geometry": {"type": "LineString", "coordinates": [[77.599291, 12.965163], [77.599491, 12.965192]]}, "properties": {"id": "e_osm_423", "source": "n12096420243", "target": "n248455450", "criticality": 0.0769, "travelTimeSec": 1.6, "lengthM": 21.8, "roadClass": "arterial", "isBridge": true}}, {"type": "Feature", "geometry": {"type": "LineString", "coordinates": [[77.598481, 12.965044], [77.596131, 12.963414]]}, "properties": {"id": "e_osm_37", "source": "n428435147", "target": "n1454651937", "criticality": 0.0258, "travelTimeSec": 24.9, "lengthM": 345.8, "roadClass": "arterial", "isBridge": true}}, {"type": "Feature", "geometry": {"type": "LineString", "coordinates": [[77.590058, 12.967742], [77.589512, 12.968306]]}, "properties": {"id": "e_osm_34", "source": "n428420790", "target": "n428420786", "criticality": 0.0286, "travelTimeSec": 11.7, "lengthM": 161.9, "roadClass": "arterial", "isBridge": false}}, {"type": "Feature", "geometry": {"type": "LineString", "coordinates": [[77.590058, 12.967742], [77.590504, 12.967826]]}, "properties": {"id": "e_osm_132", "source": "n428420790", "target": "n9999163252", "criticality": 0.5645, "travelTimeSec": 3.6, "lengthM": 49.4, "roadClass": "arterial", "isBridge": false}}, {"type": "Feature", "geometry": {"type": "LineString", "coordinates": [[77.590058, 12.967742], [77.589345, 12.967636]]}, "properties": {"id": "e_osm_133", "source": "n428420790", "target": "n663313892", "criticality": 0.5519, "travelTimeSec": 5.6, "lengthM": 78.1, "roadClass": "arterial", "isBridge": false}}, {"type": "Feature", "geometry": {"type": "LineString", "coordinates": [[77.589512, 12.968306], [77.588384, 12.967778]]}, "properties": {"id": "e_osm_109", "source": "n428420786", "target": "n12759084951", "criticality": 0.2142, "travelTimeSec": 9.8, "lengthM": 136.8, "roadClass": "arterial", "isBridge": false}}, {"type": "Feature", "geometry": {"type": "LineString", "coordinates": [[77.589512, 12.968306], [77.593543, 12.971801]]}, "properties": {"id": "e_osm_110", "source": "n428420786", "target": "n248459848", "criticality": 0.2293, "travelTimeSec": 42.1, "lengthM": 584.9, "roadClass": "arterial", "isBridge": false}}, {"type": "Feature", "geometry": {"type": "LineString", "coordinates": [[77.594004, 12.971751], [77.594944, 12.967325]]}, "properties": {"id": "e_osm_35", "source": "n248459849", "target": "n246167200", "criticality": 0.1679, "travelTimeSec": 36.2, "lengthM": 502.6, "roadClass": "arterial", "isBridge": false}}, {"type": "Feature", "geometry": {"type": "LineString", "coordinates": [[77.594004, 12.971751], [77.593994, 12.971853]]}, "properties": {"id": "e_osm_185", "source": "n248459849", "target": "n4058224799", "criticality": 0.2221, "travelTimeSec": 1.4, "lengthM": 11.5, "roadClass": "local", "isBridge": false}}, {"type": "Feature", "geometry": {"type": "LineString", "coordinates": [[77.594004, 12.971751], [77.593543, 12.971801]]}, "properties": {"id": "e_osm_256", "source": "n248459849", "target": "n248459848", "criticality": 0.0949, "travelTimeSec": 3.9, "lengthM": 54.3, "roadClass": "arterial", "isBridge": false}}, {"type": "Feature", "geometry": {"type": "LineString", "coordinates": [[77.594944, 12.967325], [77.594602, 12.967088]]}, "properties": {"id": "e_osm_158", "source": "n246167200", "target": "n11425338076", "criticality": 0.0173, "travelTimeSec": 3.5, "lengthM": 48.3, "roadClass": "arterial", "isBridge": false}}, {"type": "Feature", "geometry": {"type": "LineString", "coordinates": [[77.594944, 12.967325], [77.594954, 12.967289]]}, "properties": {"id": "e_osm_427", "source": "n246167200", "target": "n11425338077", "criticality": 0.1605, "travelTimeSec": 0.3, "lengthM": 4.1, "roadClass": "arterial", "isBridge": false}}, {"type": "Feature", "geometry": {"type": "LineString", "coordinates": [[77.595081, 12.96668], [77.596313, 12.964999]]}, "properties": {"id": "e_osm_36", "source": "n3735580963", "target": "n12111889674", "criticality": 0.6341, "travelTimeSec": 17.1, "lengthM": 237.3, "roadClass": "arterial", "isBridge": false}}, {"type": "Feature", "geometry": {"type": "LineString", "coordinates": [[77.595081, 12.96668], [77.595028, 12.966874]]}, "properties": {"id": "e_osm_429", "source": "n3735580963", "target": "n1469034722", "criticality": 0.6434, "travelTimeSec": 1.6, "lengthM": 22.3, "roadClass": "arterial", "isBridge": false}}, {"type": "Feature", "geometry": {"type": "LineString", "coordinates": [[77.596313, 12.964999], [77.596755, 12.965145]]}, "properties": {"id": "e_osm_128", "source": "n12111889674", "target": "n248455457", "criticality": 0.6318, "travelTimeSec": 3.7, "lengthM": 51.2, "roadClass": "arterial", "isBridge": false}}, {"type": "Feature", "geometry": {"type": "LineString", "coordinates": [[77.597024, 12.965314], [77.596849, 12.964954]]}, "properties": {"id": "e_osm_47", "source": "n428435126", "target": "n428435131", "criticality": 0.0258, "travelTimeSec": 3.2, "lengthM": 44.4, "roadClass": "arterial", "isBridge": true}}, {"type": "Feature", "geometry": {"type": "LineString", "coordinates": [[77.597024, 12.965314], [77.596755, 12.965145]]}, "properties": {"id": "e_osm_129", "source": "n428435126", "target": "n248455457", "criticality": 0.6294, "travelTimeSec": 2.5, "lengthM": 34.7, "roadClass": "arterial", "isBridge": false}}, {"type": "Feature", "geometry": {"type": "LineString", "coordinates": [[77.593543, 12.971801], [77.593719, 12.971946]]}, "properties": {"id": "e_osm_39", "source": "n248459848", "target": "n4058224827", "criticality": 0.1778, "travelTimeSec": 3.0, "lengthM": 24.9, "roadClass": "local", "isBridge": false}}, {"type": "Feature", "geometry": {"type": "LineString", "coordinates": [[77.593719, 12.971946], [77.593754, 12.972334]]}, "properties": {"id": "e_osm_181", "source": "n4058224827", "target": "n3943327573", "criticality": 0.0246, "travelTimeSec": 5.2, "lengthM": 43.4, "roadClass": "local", "isBridge": false}}, {"type": "Feature", "geometry": {"type": "LineString", "coordinates": [[77.593719, 12.971946], [77.593867, 12.972067]]}, "properties": {"id": "e_osm_383", "source": "n4058224827", "target": "n10783592399", "criticality": 0.1586, "travelTimeSec": 2.5, "lengthM": 20.9, "roadClass": "local", "isBridge": false}}, {"type": "Feature", "geometry": {"type": "LineString", "coordinates": [[77.588324, 12.984687], [77.588384, 12.984661]]}, "properties": {"id": "e_osm_90", "source": "n1436067886", "target": "n12143506753", "criticality": 0.114, "travelTimeSec": 0.5, "lengthM": 7.2, "roadClass": "arterial", "isBridge": false}}, {"type": "Feature", "geometry": {"type": "LineString", "coordinates": [[77.588324, 12.984687], [77.588219, 12.984514]]}, "properties": {"id": "e_osm_247", "source": "n1436067886", "target": "n6894328262", "criticality": 0.0041, "travelTimeSec": 2.7, "lengthM": 22.4, "roadClass": "local", "isBridge": false}}, {"type": "Feature", "geometry": {"type": "LineString", "coordinates": [[77.588324, 12.984687], [77.588229, 12.984883]]}, "properties": {"id": "e_osm_389", "source": "n1436067886", "target": "n1436067882", "criticality": 0.0908, "travelTimeSec": 1.9, "lengthM": 26.8, "roadClass": "arterial", "isBridge": false}}, {"type": "Feature", "geometry": {"type": "LineString", "coordinates": [[77.587421, 12.966951], [77.580695, 12.971902]]}, "properties": {"id": "e_osm_41", "source": "n287793596", "target": "n429001094", "criticality": 0.0258, "travelTimeSec": 112.2, "lengthM": 935.2, "roadClass": "local", "isBridge": true}}, {"type": "Feature", "geometry": {"type": "LineString", "coordinates": [[77.587421, 12.966951], [77.587424, 12.966913]]}, "properties": {"id": "e_osm_191", "source": "n287793596", "target": "n12128943145", "criticality": 0.2376, "travelTimeSec": 0.3, "lengthM": 4.3, "roadClass": "arterial", "isBridge": false}}, {"type": "Feature", "geometry": {"type": "LineString", "coordinates": [[77.587941, 12.966845], [77.586812, 12.965494]]}, "properties": {"id": "e_osm_42", "source": "n286679311", "target": "n12128921370", "criticality": 0.0766, "travelTimeSec": 14.0, "lengthM": 193.9, "roadClass": "arterial", "isBridge": false}}, {"type": "Feature", "geometry": {"type": "LineString", "coordinates": [[77.587941, 12.966845], [77.587424, 12.966913]]}, "properties": {"id": "e_osm_101", "source": "n286679311", "target": "n12128943145", "criticality": 0.067, "travelTimeSec": 4.4, "lengthM": 60.5, "roadClass": "arterial", "isBridge": false}}, {"type": "Feature", "geometry": {"type": "LineString", "coordinates": [[77.586812, 12.965494], [77.585242, 12.963845]]}, "properties": {"id": "e_osm_237", "source": "n12128921370", "target": "n3309317524", "criticality": 0.0258, "travelTimeSec": 18.1, "lengthM": 251.2, "roadClass": "arterial", "isBridge": true}}, {"type": "Feature", "geometry": {"type": "LineString", "coordinates": [[77.586812, 12.965494], [77.58667, 12.965619]]}, "properties": {"id": "e_osm_267", "source": "n12128921370", "target": "n12128921371", "criticality": 0.087, "travelTimeSec": 2.5, "lengthM": 20.8, "roadClass": "local", "isBridge": false}}, {"type": "Feature", "geometry": {"type": "LineString", "coordinates": [[77.586812, 12.965494], [77.586957, 12.965366]]}, "properties": {"id": "e_osm_471", "source": "n12128921370", "target": "n13472750467", "criticality": 0.0514, "travelTimeSec": 1.5, "lengthM": 21.2, "roadClass": "arterial", "isBridge": true}}, {"type": "Feature", "geometry": {"type": "LineString", "coordinates": [[77.586957, 12.965366], [77.587486, 12.96492]]}, "properties": {"id": "e_osm_43", "source": "n13472750467", "target": "n3356616811", "criticality": 0.0258, "travelTimeSec": 5.5, "lengthM": 75.7, "roadClass": "arterial", "isBridge": true}}, {"type": "Feature", "geometry": {"type": "LineString", "coordinates": [[77.609945, 12.965069], [77.611232, 12.96714]]}, "properties": {"id": "e_osm_44", "source": "n3268824710", "target": "n12462507949", "criticality": 0.0258, "travelTimeSec": 33.8, "lengthM": 281.8, "roadClass": "local", "isBridge": true}}, {"type": "Feature", "geometry": {"type": "LineString", "coordinates": [[77.609945, 12.965069], [77.61291, 12.961598]]}, "properties": {"id": "e_osm_75", "source": "n3268824710", "target": "n459793875", "criticality": 0.0256, "travelTimeSec": 60.9, "lengthM": 507.6, "roadClass": "local", "isBridge": false}}, {"type": "Feature", "geometry": {"type": "LineString", "coordinates": [[77.609945, 12.965069], [77.608763, 12.966665]]}, "properties": {"id": "e_osm_275", "source": "n3268824710", "target": "n12462507904", "criticality": 0.0764, "travelTimeSec": 26.3, "lengthM": 219.0, "roadClass": "local", "isBridge": false}}, {"type": "Feature", "geometry": {"type": "LineString", "coordinates": [[77.609945, 12.965069], [77.6099, 12.965037]]}, "properties": {"id": "e_osm_299", "source": "n3268824710", "target": "n4044110261", "criticality": 0.0003, "travelTimeSec": 0.7, "lengthM": 6.1, "roadClass": "local", "isBridge": false}}, {"type": "Feature", "geometry": {"type": "LineString", "coordinates": [[77.59923, 12.976572], [77.59425, 12.972356]]}, "properties": {"id": "e_osm_45", "source": "n429303163", "target": "n429303166", "criticality": 0.2245, "travelTimeSec": 86.2, "lengthM": 718.2, "roadClass": "local", "isBridge": false}}, {"type": "Feature", "geometry": {"type": "LineString", "coordinates": [[77.59923, 12.976572], [77.599195, 12.976672]]}, "properties": {"id": "e_osm_255", "source": "n429303163", "target": "n1232686162", "criticality": 0.0491, "travelTimeSec": 1.4, "lengthM": 11.7, "roadClass": "local", "isBridge": false}}, {"type": "Feature", "geometry": {"type": "LineString", "coordinates": [[77.59923, 12.976572], [77.599352, 12.976616]]}, "properties": {"id": "e_osm_320", "source": "n429303163", "target": "n7697830173", "criticality": 0.1922, "travelTimeSec": 1.7, "lengthM": 14.1, "roadClass": "local", "isBridge": false}}, {"type": "Feature", "geometry": {"type": "LineString", "coordinates": [[77.59425, 12.972356], [77.594311, 12.972054]]}, "properties": {"id": "e_osm_103", "source": "n429303166", "target": "n1636623242", "criticality": 0.0377, "travelTimeSec": 4.2, "lengthM": 34.7, "roadClass": "local", "isBridge": false}}, {"type": "Feature", "geometry": {"type": "LineString", "coordinates": [[77.59425, 12.972356], [77.594132, 12.972211]]}, "properties": {"id": "e_osm_331", "source": "n429303166", "target": "n4058224850", "criticality": 0.188, "travelTimeSec": 2.5, "lengthM": 20.6, "roadClass": "local", "isBridge": false}}, {"type": "Feature", "geometry": {"type": "LineString", "coordinates": [[77.608046, 12.98172], [77.610045, 12.980965]]}, "properties": {"id": "e_osm_46", "source": "n1567429298", "target": "n12691279976", "criticality": 0.0046, "travelTimeSec": 27.9, "lengthM": 232.7, "roadClass": "local", "isBridge": false}}, {"type": "Feature", "geometry": {"type": "LineString", "coordinates": [[77.610045, 12.980965], [77.609053, 12.978201]]}, "properties": {"id": "e_osm_214", "source": "n12691279976", "target": "n6455277121", "criticality": 0.0473, "travelTimeSec": 39.1, "lengthM": 325.6, "roadClass": "local", "isBridge": false}}, {"type": "Feature", "geometry": {"type": "LineString", "coordinates": [[77.610045, 12.980965], [77.610099, 12.981036]]}, "properties": {"id": "e_osm_215", "source": "n12691279976", "target": "n10123663917", "criticality": 0.0258, "travelTimeSec": 1.2, "lengthM": 9.9, "roadClass": "local", "isBridge": true}}, {"type": "Feature", "geometry": {"type": "LineString", "coordinates": [[77.592292, 12.982937], [77.594426, 12.981969]]}, "properties": {"id": "e_osm_105", "source": "n665045355", "target": "n12147813608", "criticality": 0.7326, "travelTimeSec": 19.1, "lengthM": 264.7, "roadClass": "arterial", "isBridge": false}}, {"type": "Feature", "geometry": {"type": "LineString", "coordinates": [[77.592292, 12.982937], [77.591589, 12.983298]]}, "properties": {"id": "e_osm_106", "source": "n665045355", "target": "n1837595282", "criticality": 0.6322, "travelTimeSec": 6.3, "lengthM": 87.9, "roadClass": "arterial", "isBridge": false}}, {"type": "Feature", "geometry": {"type": "LineString", "coordinates": [[77.586782, 12.965977], [77.587424, 12.966913]]}, "properties": {"id": "e_osm_49", "source": "n249087938", "target": "n12128943145", "criticality": 0.2233, "travelTimeSec": 9.1, "lengthM": 126.7, "roadClass": "arterial", "isBridge": false}}, {"type": "Feature", "geometry": {"type": "LineString", "coordinates": [[77.586782, 12.965977], [77.586476, 12.965886]]}, "properties": {"id": "e_osm_387", "source": "n249087938", "target": "n12134185345", "criticality": 0.0757, "travelTimeSec": 4.1, "lengthM": 34.6, "roadClass": "local", "isBridge": false}}, {"type": "Feature", "geometry": {"type": "LineString", "coordinates": [[77.586782, 12.965977], [77.58667, 12.965619]]}, "properties": {"id": "e_osm_388", "source": "n249087938", "target": "n12128921371", "criticality": 0.1244, "travelTimeSec": 3.1, "lengthM": 43.3, "roadClass": "arterial", "isBridge": false}}, {"type": "Feature", "geometry": {"type": "LineString", "coordinates": [[77.588332, 12.984594], [77.588363, 12.984486]]}, "properties": {"id": "e_osm_50", "source": "n12143506752", "target": "n303923495", "criticality": 0.0198, "travelTimeSec": 1.5, "lengthM": 12.4, "roadClass": "local", "isBridge": false}}, {"type": "Feature", "geometry": {"type": "LineString", "coordinates": [[77.588332, 12.984594], [77.58826, 12.984541]]}, "properties": {"id": "e_osm_250", "source": "n12143506752", "target": "n12143506755", "criticality": 0.089, "travelTimeSec": 1.2, "lengthM": 9.8, "roadClass": "local", "isBridge": false}}, {"type": "Feature", "geometry": {"type": "LineString", "coordinates": [[77.588332, 12.984594], [77.588384, 12.984661]]}, "properties": {"id": "e_osm_251", "source": "n12143506752", "target": "n12143506753", "criticality": 0.117, "travelTimeSec": 1.1, "lengthM": 9.3, "roadClass": "local", "isBridge": false}}, {"type": "Feature", "geometry": {"type": "LineString", "coordinates": [[77.588363, 12.984486], [77.588623, 12.982735]]}, "properties": {"id": "e_osm_51", "source": "n303923495", "target": "n3461288201", "criticality": 0.1294, "travelTimeSec": 23.8, "lengthM": 198.5, "roadClass": "local", "isBridge": false}}, {"type": "Feature", "geometry": {"type": "LineString", "coordinates": [[77.588363, 12.984486], [77.588265, 12.984437]]}, "properties": {"id": "e_osm_202", "source": "n303923495", "target": "n11769490827", "criticality": 0.2499, "travelTimeSec": 1.4, "lengthM": 11.9, "roadClass": "local", "isBridge": false}}, {"type": "Feature", "geometry": {"type": "LineString", "coordinates": [[77.588363, 12.984486], [77.58851, 12.984605]]}, "properties": {"id": "e_osm_390", "source": "n303923495", "target": "n1436067879", "criticality": 0.3695, "travelTimeSec": 2.5, "lengthM": 20.8, "roadClass": "local", "isBridge": false}}, {"type": "Feature", "geometry": {"type": "LineString", "coordinates": [[77.588623, 12.982735], [77.588551, 12.981767]]}, "properties": {"id": "e_osm_407", "source": "n3461288201", "target": "n3461288196", "criticality": 0.1976, "travelTimeSec": 13.0, "lengthM": 108.0, "roadClass": "local", "isBridge": false}}, {"type": "Feature", "geometry": {"type": "LineString", "coordinates": [[77.588623, 12.982735], [77.588265, 12.984437]]}, "properties": {"id": "e_osm_408", "source": "n3461288201", "target": "n11769490827", "criticality": 0.0738, "travelTimeSec": 23.2, "lengthM": 193.6, "roadClass": "local", "isBridge": false}}, {"type": "Feature", "geometry": {"type": "LineString", "coordinates": [[77.588508, 12.981012], [77.588002, 12.981217]]}, "properties": {"id": "e_osm_52", "source": "n3461278332", "target": "n254665617", "criticality": 0.1254, "travelTimeSec": 7.2, "lengthM": 59.6, "roadClass": "local", "isBridge": false}}, {"type": "Feature", "geometry": {"type": "LineString", "coordinates": [[77.588508, 12.981012], [77.587501, 12.97908]]}, "properties": {"id": "e_osm_147", "source": "n3461278332", "target": "n456204184", "criticality": 0.2628, "travelTimeSec": 30.4, "lengthM": 253.3, "roadClass": "local", "isBridge": false}}, {"type": "Feature", "geometry": {"type": "LineString", "coordinates": [[77.588508, 12.981012], [77.588462, 12.981429]]}, "properties": {"id": "e_osm_148", "source": "n3461278332", "target": "n3461278359", "criticality": 0.143, "travelTimeSec": 5.6, "lengthM": 46.7, "roadClass": "local", "isBridge": false}}, {"type": "Feature", "geometry": {"type": "LineString", "coordinates": [[77.588508, 12.981012], [77.588707, 12.980976]]}, "properties": {"id": "e_osm_154", "source": "n3461278332", "target": "n3461278331", "criticality": 0.0011, "travelTimeSec": 2.6, "lengthM": 21.9, "roadClass": "local", "isBridge": false}}, {"type": "Feature", "geometry": {"type": "LineString", "coordinates": [[77.588002, 12.981217], [77.586981, 12.981581]]}, "properties": {"id": "e_osm_73", "source": "n254665617", "target": "n12673061017", "criticality": 0.1195, "travelTimeSec": 14.1, "lengthM": 117.9, "roadClass": "local", "isBridge": false}}, {"type": "Feature", "geometry": {"type": "LineString", "coordinates": [[77.588002, 12.981217], [77.588462, 12.981429]]}, "properties": {"id": "e_osm_151", "source": "n254665617", "target": "n3461278359", "criticality": 0.0182, "travelTimeSec": 7.0, "lengthM": 58.2, "roadClass": "local", "isBridge": false}}, {"type": "Feature", "geometry": {"type": "LineString", "coordinates": [[77.592651, 12.967723], [77.590504, 12.967826]]}, "properties": {"id": "e_osm_53", "source": "n459554645", "target": "n9999163252", "criticality": 0.0514, "travelTimeSec": 28.2, "lengthM": 235.0, "roadClass": "local", "isBridge": true}}, {"type": "Feature", "geometry": {"type": "LineString", "coordinates": [[77.592651, 12.967723], [77.59218, 12.962471]]}, "properties": {"id": "e_osm_141", "source": "n459554645", "target": "n428435162", "criticality": 0.0258, "travelTimeSec": 70.4, "lengthM": 586.5, "roadClass": "local", "isBridge": true}}, {"type": "Feature", "geometry": {"type": "LineString", "coordinates": [[77.590504, 12.967826], [77.594602, 12.967088]]}, "properties": {"id": "e_osm_131", "source": "n9999163252", "target": "n11425338076", "criticality": 0.5384, "travelTimeSec": 34.5, "lengthM": 479.5, "roadClass": "arterial", "isBridge": false}}, {"type": "Feature", "geometry": {"type": "LineString", "coordinates": [[77.597745, 12.97124], [77.597967, 12.971357]]}, "properties": {"id": "e_osm_54", "source": "n12558269342", "target": "n11383327924", "criticality": 0.0749, "travelTimeSec": 3.3, "lengthM": 27.4, "roadClass": "local", "isBridge": false}}, {"type": "Feature", "geometry": {"type": "LineString", "coordinates": [[77.597745, 12.97124], [77.597245, 12.971167]]}, "properties": {"id": "e_osm_451", "source": "n12558269342", "target": "n12558269349", "criticality": 0.0316, "travelTimeSec": 6.6, "lengthM": 55.1, "roadClass": "local", "isBridge": false}}, {"type": "Feature", "geometry": {"type": "LineString", "coordinates": [[77.597745, 12.97124], [77.59798, 12.971127]]}, "properties": {"id": "e_osm_452", "source": "n12558269342", "target": "n10060517433", "criticality": 0.0121, "travelTimeSec": 3.5, "lengthM": 29.1, "roadClass": "local", "isBridge": false}}, {"type": "Feature", "geometry": {"type": "LineString", "coordinates": [[77.597967, 12.971357], [77.59798, 12.971127]]}, "properties": {"id": "e_osm_391", "source": "n11383327924", "target": "n10060517433", "criticality": 0.0179, "travelTimeSec": 3.1, "lengthM": 25.6, "roadClass": "local", "isBridge": false}}, {"type": "Feature", "geometry": {"type": "LineString", "coordinates": [[77.597063, 12.984585], [77.595077, 12.986905]]}, "properties": {"id": "e_osm_57", "source": "n1523537403", "target": "n316662057", "criticality": 0.0258, "travelTimeSec": 24.2, "lengthM": 336.1, "roadClass": "arterial", "isBridge": true}}, {"type": "Feature", "geometry": {"type": "LineString", "coordinates": [[77.597063, 12.984585], [77.596999, 12.98425]]}, "properties": {"id": "e_osm_95", "source": "n1523537403", "target": "n10601663791", "criticality": 0.0472, "travelTimeSec": 2.7, "lengthM": 37.9, "roadClass": "arterial", "isBridge": false}}, {"type": "Feature", "geometry": {"type": "LineString", "coordinates": [[77.597063, 12.984585], [77.597153, 12.984396]]}, "properties": {"id": "e_osm_252", "source": "n1523537403", "target": "n12827961143", "criticality": 0.0006, "travelTimeSec": 1.7, "lengthM": 23.1, "roadClass": "arterial", "isBridge": false}}, {"type": "Feature", "geometry": {"type": "LineString", "coordinates": [[77.597063, 12.984585], [77.597242, 12.98453]]}, "properties": {"id": "e_osm_372", "source": "n1523537403", "target": "n12484332871", "criticality": 0.0037, "travelTimeSec": 1.5, "lengthM": 20.7, "roadClass": "arterial", "isBridge": false}}, {"type": "Feature", "geometry": {"type": "LineString", "coordinates": [[77.59936, 12.976447], [77.599352, 12.976616]]}, "properties": {"id": "e_osm_460", "source": "n6834406260", "target": "n7697830173", "criticality": 0.084, "travelTimeSec": 2.3, "lengthM": 18.9, "roadClass": "local", "isBridge": false}}, {"type": "Feature", "geometry": {"type": "LineString", "coordinates": [[77.587157, 12.975684], [77.586907, 12.97511]]}, "properties": {"id": "e_osm_60", "source": "n12141911045", "target": "n663311696", "criticality": 0.4611, "travelTimeSec": 5.0, "lengthM": 69.4, "roadClass": "arterial", "isBridge": false}}, {"type": "Feature", "geometry": {"type": "LineString", "coordinates": [[77.587157, 12.975684], [77.587065, 12.975764]]}, "properties": {"id": "e_osm_433", "source": "n12141911045", "target": "n10978687879", "criticality": 0.1757, "travelTimeSec": 1.0, "lengthM": 13.4, "roadClass": "arterial", "isBridge": false}}, {"type": "Feature", "geometry": {"type": "LineString", "coordinates": [[77.587157, 12.975684], [77.58729, 12.975671]]}, "properties": {"id": "e_osm_448", "source": "n12141911045", "target": "n12141911061", "criticality": 0.3574, "travelTimeSec": 1.1, "lengthM": 14.7, "roadClass": "arterial", "isBridge": false}}, {"type": "Feature", "geometry": {"type": "LineString", "coordinates": [[77.586907, 12.97511], [77.587506, 12.975623]]}, "properties": {"id": "e_osm_61", "source": "n663311696", "target": "n663311697", "criticality": 0.3996, "travelTimeSec": 6.2, "lengthM": 86.4, "roadClass": "arterial", "isBridge": false}}, {"type": "Feature", "geometry": {"type": "LineString", "coordinates": [[77.586907, 12.97511], [77.586667, 12.974495]]}, "properties": {"id": "e_osm_235", "source": "n663311696", "target": "n1637604205", "criticality": 0.8502, "travelTimeSec": 5.3, "lengthM": 73.1, "roadClass": "arterial", "isBridge": false}}, {"type": "Feature", "geometry": {"type": "LineString", "coordinates": [[77.587506, 12.975623], [77.587655, 12.975764]]}, "properties": {"id": "e_osm_63", "source": "n663311697", "target": "n663311720", "criticality": 0.4043, "travelTimeSec": 1.6, "lengthM": 22.5, "roadClass": "arterial", "isBridge": false}}, {"type": "Feature", "geometry": {"type": "LineString", "coordinates": [[77.588092, 12.976264], [77.587655, 12.975764]]}, "properties": {"id": "e_osm_62", "source": "n663311721", "target": "n663311720", "criticality": 0.41, "travelTimeSec": 5.3, "lengthM": 73.1, "roadClass": "arterial", "isBridge": false}}, {"type": "Feature", "geometry": {"type": "LineString", "coordinates": [[77.588092, 12.976264], [77.588348, 12.976383]]}, "properties": {"id": "e_osm_228", "source": "n663311721", "target": "n10038553694", "criticality": 0.5, "travelTimeSec": 2.2, "lengthM": 30.7, "roadClass": "arterial", "isBridge": false}}, {"type": "Feature", "geometry": {"type": "LineString", "coordinates": [[77.588092, 12.976264], [77.587834, 12.976103]]}, "properties": {"id": "e_osm_229", "source": "n663311721", "target": "n663311718", "criticality": 0.0993, "travelTimeSec": 2.4, "lengthM": 33.3, "roadClass": "arterial", "isBridge": false}}, {"type": "Feature", "geometry": {"type": "LineString", "coordinates": [[77.588384, 12.967778], [77.588757, 12.96751]]}, "properties": {"id": "e_osm_64", "source": "n12759084951", "target": "n663313887", "criticality": 0.0179, "travelTimeSec": 6.3, "lengthM": 52.6, "roadClass": "local", "isBridge": false}}, {"type": "Feature", "geometry": {"type": "LineString", "coordinates": [[77.588757, 12.96751], [77.588912, 12.967165]]}, "properties": {"id": "e_osm_65", "source": "n663313887", "target": "n663313886", "criticality": 0.0356, "travelTimeSec": 5.0, "lengthM": 41.9, "roadClass": "local", "isBridge": false}}, {"type": "Feature", "geometry": {"type": "LineString", "coordinates": [[77.588757, 12.96751], [77.589345, 12.967636]]}, "properties": {"id": "e_osm_431", "source": "n663313887", "target": "n663313892", "criticality": 0.5391, "travelTimeSec": 4.7, "lengthM": 65.4, "roadClass": "arterial", "isBridge": false}}, {"type": "Feature", "geometry": {"type": "LineString", "coordinates": [[77.588912, 12.967165], [77.58922, 12.963329]]}, "properties": {"id": "e_osm_66", "source": "n663313886", "target": "n12128921373", "criticality": 0.0258, "travelTimeSec": 54.4, "lengthM": 453.0, "roadClass": "local", "isBridge": true}}, {"type": "Feature", "geometry": {"type": "LineString", "coordinates": [[77.588912, 12.967165], [77.589345, 12.967636]]}, "properties": {"id": "e_osm_72", "source": "n663313886", "target": "n663313892", "criticality": 0.0158, "travelTimeSec": 5.1, "lengthM": 71.1, "roadClass": "arterial", "isBridge": false}}, {"type": "Feature", "geometry": {"type": "LineString", "coordinates": [[77.597047, 12.982038], [77.597085, 12.981727]]}, "properties": {"id": "e_osm_67", "source": "n1650305476", "target": "n663596583", "criticality": 0.3502, "travelTimeSec": 2.5, "lengthM": 34.8, "roadClass": "arterial", "isBridge": false}}, {"type": "Feature", "geometry": {"type": "LineString", "coordinates": [[77.597047, 12.982038], [77.595902, 12.981473]]}, "properties": {"id": "e_osm_207", "source": "n1650305476", "target": "n2014690200", "criticality": 0.0206, "travelTimeSec": 10.3, "lengthM": 143.3, "roadClass": "arterial", "isBridge": false}}, {"type": "Feature", "geometry": {"type": "LineString", "coordinates": [[77.597047, 12.982038], [77.597072, 12.982129]]}, "properties": {"id": "e_osm_234", "source": "n1650305476", "target": "n3691984721", "criticality": 0.3511, "travelTimeSec": 0.8, "lengthM": 10.5, "roadClass": "arterial", "isBridge": false}}, {"type": "Feature", "geometry": {"type": "LineString", "coordinates": [[77.597085, 12.981727], [77.597297, 12.981057]]}, "properties": {"id": "e_osm_68", "source": "n663596583", "target": "n2016244606", "criticality": 0.3581, "travelTimeSec": 5.7, "lengthM": 79.3, "roadClass": "arterial", "isBridge": false}}, {"type": "Feature", "geometry": {"type": "LineString", "coordinates": [[77.597085, 12.981727], [77.596293, 12.981354]]}, "properties": {"id": "e_osm_210", "source": "n663596583", "target": "n3641907747", "criticality": 0.0117, "travelTimeSec": 8.0, "lengthM": 110.7, "roadClass": "arterial", "isBridge": false}}, {"type": "Feature", "geometry": {"type": "LineString", "coordinates": [[77.597297, 12.981057], [77.597513, 12.980965]]}, "properties": {"id": "e_osm_233", "source": "n2016244606", "target": "n663596569", "criticality": 0.2092, "travelTimeSec": 1.8, "lengthM": 25.5, "roadClass": "arterial", "isBridge": false}}, {"type": "Feature", "geometry": {"type": "LineString", "coordinates": [[77.597297, 12.981057], [77.5974, 12.980895]]}, "properties": {"id": "e_osm_367", "source": "n2016244606", "target": "n663596568", "criticality": 0.2395, "travelTimeSec": 2.5, "lengthM": 21.2, "roadClass": "local", "isBridge": false}}, {"type": "Feature", "geometry": {"type": "LineString", "coordinates": [[77.582765, 12.984423], [77.587606, 12.984331]]}, "properties": {"id": "e_osm_69", "source": "n2122621692", "target": "n665045241", "criticality": 0.0258, "travelTimeSec": 65.0, "lengthM": 541.9, "roadClass": "local", "isBridge": true}}, {"type": "Feature", "geometry": {"type": "LineString", "coordinates": [[77.587606, 12.984331], [77.587968, 12.984446]]}, "properties": {"id": "e_osm_290", "source": "n665045241", "target": "n3632570061", "criticality": 0.0514, "travelTimeSec": 4.9, "lengthM": 41.2, "roadClass": "local", "isBridge": true}}, {"type": "Feature", "geometry": {"type": "LineString", "coordinates": [[77.586255, 12.965844], [77.58653, 12.965715]]}, "properties": {"id": "e_osm_70", "source": "n12111889684", "target": "n12134185349", "criticality": 0.0012, "travelTimeSec": 4.0, "lengthM": 33.6, "roadClass": "local", "isBridge": false}}, {"type": "Feature", "geometry": {"type": "LineString", "coordinates": [[77.586255, 12.965844], [77.584228, 12.965267]]}, "properties": {"id": "e_osm_85", "source": "n12111889684", "target": "n249087934", "criticality": 0.0258, "travelTimeSec": 27.5, "lengthM": 229.0, "roadClass": "local", "isBridge": true}}, {"type": "Feature", "geometry": {"type": "LineString", "coordinates": [[77.586255, 12.965844], [77.586476, 12.965886]]}, "properties": {"id": "e_osm_404", "source": "n12111889684", "target": "n12134185345", "criticality": 0.0503, "travelTimeSec": 2.9, "lengthM": 24.4, "roadClass": "local", "isBridge": false}}, {"type": "Feature", "geometry": {"type": "LineString", "coordinates": [[77.58653, 12.965715], [77.58667, 12.965619]]}, "properties": {"id": "e_osm_474", "source": "n12134185349", "target": "n12128921371", "criticality": 0.0265, "travelTimeSec": 2.2, "lengthM": 18.5, "roadClass": "local", "isBridge": false}}, {"type": "Feature", "geometry": {"type": "LineString", "coordinates": [[77.587361, 12.968066], [77.587305, 12.968463]]}, "properties": {"id": "e_osm_291", "source": "n10044013422", "target": "n665062621", "criticality": 0.8286, "travelTimeSec": 3.2, "lengthM": 44.6, "roadClass": "arterial", "isBridge": false}}, {"type": "Feature", "geometry": {"type": "LineString", "coordinates": [[77.586981, 12.981581], [77.586793, 12.981685]]}, "properties": {"id": "e_osm_455", "source": "n12673061017", "target": "n12704069721", "criticality": 0.0108, "travelTimeSec": 2.9, "lengthM": 24.4, "roadClass": "local", "isBridge": false}}, {"type": "Feature", "geometry": {"type": "LineString", "coordinates": [[77.586981, 12.981581], [77.586753, 12.981666]]}, "properties": {"id": "e_osm_456", "source": "n12673061017", "target": "n12704069722", "criticality": 0.1129, "travelTimeSec": 3.3, "lengthM": 27.7, "roadClass": "local", "isBridge": false}}, {"type": "Feature", "geometry": {"type": "LineString", "coordinates": [[77.597151, 12.982727], [77.601358, 12.981282]]}, "properties": {"id": "e_osm_74", "source": "n11342970531", "target": "n578138484", "criticality": 0.0113, "travelTimeSec": 58.0, "lengthM": 483.3, "roadClass": "local", "isBridge": false}}, {"type": "Feature", "geometry": {"type": "LineString", "coordinates": [[77.597151, 12.982727], [77.595861, 12.983192]]}, "properties": {"id": "e_osm_160", "source": "n11342970531", "target": "n10121033916", "criticality": 0.0956, "travelTimeSec": 10.7, "lengthM": 149.1, "roadClass": "arterial", "isBridge": false}}, {"type": "Feature", "geometry": {"type": "LineString", "coordinates": [[77.597151, 12.982727], [77.597072, 12.982129]]}, "properties": {"id": "e_osm_204", "source": "n11342970531", "target": "n3691984721", "criticality": 0.3312, "travelTimeSec": 4.8, "lengthM": 67.3, "roadClass": "arterial", "isBridge": false}}, {"type": "Feature", "geometry": {"type": "LineString", "coordinates": [[77.601358, 12.981282], [77.602906, 12.980743]]}, "properties": {"id": "e_osm_420", "source": "n578138484", "target": "n254665681", "criticality": 0.0144, "travelTimeSec": 21.4, "lengthM": 178.1, "roadClass": "local", "isBridge": false}}, {"type": "Feature", "geometry": {"type": "LineString", "coordinates": [[77.61291, 12.961598], [77.609912, 12.965022]]}, "properties": {"id": "e_osm_183", "source": "n459793875", "target": "n9708542312", "criticality": 0.0001, "travelTimeSec": 61.3, "lengthM": 511.2, "roadClass": "local", "isBridge": false}}, {"type": "Feature", "geometry": {"type": "LineString", "coordinates": [[77.597174, 12.964939], [77.597087, 12.965116]]}, "properties": {"id": "e_osm_76", "source": "n428435133", "target": "n1067769842", "criticality": 0.3461, "travelTimeSec": 1.6, "lengthM": 22.2, "roadClass": "arterial", "isBridge": false}}, {"type": "Feature", "geometry": {"type": "LineString", "coordinates": [[77.597174, 12.964939], [77.599491, 12.965192]]}, "properties": {"id": "e_osm_264", "source": "n428435133", "target": "n248455450", "criticality": 0.3267, "travelTimeSec": 18.3, "lengthM": 253.6, "roadClass": "arterial", "isBridge": false}}, {"type": "Feature", "geometry": {"type": "LineString", "coordinates": [[77.597174, 12.964939], [77.597019, 12.964946]]}, "properties": {"id": "e_osm_265", "source": "n428435133", "target": "n13321896550", "criticality": 0.0022, "travelTimeSec": 1.2, "lengthM": 16.8, "roadClass": "arterial", "isBridge": false}}, {"type": "Feature", "geometry": {"type": "LineString", "coordinates": [[77.597087, 12.965116], [77.597019, 12.964946]]}, "properties": {"id": "e_osm_468", "source": "n1067769842", "target": "n13321896550", "criticality": 0.0236, "travelTimeSec": 1.5, "lengthM": 20.3, "roadClass": "arterial", "isBridge": false}}, {"type": "Feature", "geometry": {"type": "LineString", "coordinates": [[77.599491, 12.965192], [77.597138, 12.964827]]}, "properties": {"id": "e_osm_77", "source": "n248455450", "target": "n12462400265", "criticality": 0.0258, "travelTimeSec": 18.7, "lengthM": 259.5, "roadClass": "arterial", "isBridge": true}}, {"type": "Feature", "geometry": {"type": "LineString", "coordinates": [[77.607934, 12.975085], [77.607925, 12.974956]]}, "properties": {"id": "e_osm_78", "source": "n10123752378", "target": "n10123752379", "criticality": 0.4562, "travelTimeSec": 1.7, "lengthM": 14.4, "roadClass": "local", "isBridge": false}}, {"type": "Feature", "geometry": {"type": "LineString", "coordinates": [[77.607934, 12.975085], [77.607965, 12.975185]]}, "properties": {"id": "e_osm_302", "source": "n10123752378", "target": "n11464483505", "criticality": 0.4673, "travelTimeSec": 1.4, "lengthM": 11.6, "roadClass": "local", "isBridge": false}}, {"type": "Feature", "geometry": {"type": "LineString", "coordinates": [[77.607934, 12.975085], [77.608042, 12.975057]]}, "properties": {"id": "e_osm_339", "source": "n10123752378", "target": "n11464483504", "criticality": 0.0135, "travelTimeSec": 1.5, "lengthM": 12.1, "roadClass": "local", "isBridge": false}}, {"type": "Feature", "geometry": {"type": "LineString", "coordinates": [[77.607934, 12.975085], [77.607412, 12.975208]]}, "properties": {"id": "e_osm_394", "source": "n10123752378", "target": "n11383482024", "criticality": 0.0479, "travelTimeSec": 7.0, "lengthM": 58.2, "roadClass": "local", "isBridge": false}}, {"type": "Feature", "geometry": {"type": "LineString", "coordinates": [[77.607925, 12.974956], [77.608042, 12.975057]]}, "properties": {"id": "e_osm_340", "source": "n10123752379", "target": "n11464483504", "criticality": 0.1337, "travelTimeSec": 2.0, "lengthM": 16.9, "roadClass": "local", "isBridge": false}}, {"type": "Feature", "geometry": {"type": "LineString", "coordinates": [[77.602906, 12.980743], [77.602489, 12.979386]]}, "properties": {"id": "e_osm_269", "source": "n254665681", "target": "n10684915913", "criticality": 0.3555, "travelTimeSec": 18.9, "lengthM": 157.6, "roadClass": "local", "isBridge": false}}, {"type": "Feature", "geometry": {"type": "LineString", "coordinates": [[77.602906, 12.980743], [77.603322, 12.981954]]}, "properties": {"id": "e_osm_270", "source": "n254665681", "target": "n13855086718", "criticality": 0.3259, "travelTimeSec": 17.0, "lengthM": 142.0, "roadClass": "local", "isBridge": false}}, {"type": "Feature", "geometry": {"type": "LineString", "coordinates": [[77.607095, 12.979268], [77.606762, 12.978121]]}, "properties": {"id": "e_osm_125", "source": "n287905080", "target": "n10001371115", "criticality": 0.0225, "travelTimeSec": 15.9, "lengthM": 132.8, "roadClass": "local", "isBridge": false}}, {"type": "Feature", "geometry": {"type": "LineString", "coordinates": [[77.607095, 12.979268], [77.606628, 12.977955]]}, "properties": {"id": "e_osm_332", "source": "n287905080", "target": "n11432437464", "criticality": 0.0476, "travelTimeSec": 18.6, "lengthM": 155.0, "roadClass": "local", "isBridge": false}}, {"type": "Feature", "geometry": {"type": "LineString", "coordinates": [[77.604943, 12.978508], [77.605905, 12.978203]]}, "properties": {"id": "e_osm_82", "source": "n3740962472", "target": "n3740962455", "criticality": 0.2, "travelTimeSec": 7.9, "lengthM": 109.6, "roadClass": "arterial", "isBridge": false}}, {"type": "Feature", "geometry": {"type": "LineString", "coordinates": [[77.604943, 12.978508], [77.604902, 12.97839]]}, "properties": {"id": "e_osm_238", "source": "n3740962472", "target": "n3740962463", "criticality": 0.3794, "travelTimeSec": 1.0, "lengthM": 13.8, "roadClass": "arterial", "isBridge": false}}, {"type": "Feature", "geometry": {"type": "LineString", "coordinates": [[77.605905, 12.978203], [77.605859, 12.97808]]}, "properties": {"id": "e_osm_177", "source": "n3740962455", "target": "n3740962448", "criticality": 0.008, "travelTimeSec": 1.1, "lengthM": 14.6, "roadClass": "arterial", "isBridge": false}}, {"type": "Feature", "geometry": {"type": "LineString", "coordinates": [[77.605905, 12.978203], [77.606628, 12.977955]]}, "properties": {"id": "e_osm_221", "source": "n3740962455", "target": "n11432437464", "criticality": 0.185, "travelTimeSec": 6.0, "lengthM": 83.1, "roadClass": "arterial", "isBridge": false}}, {"type": "Feature", "geometry": {"type": "LineString", "coordinates": [[77.599195, 12.976672], [77.597381, 12.980669]]}, "properties": {"id": "e_osm_83", "source": "n1232686162", "target": "n11286303353", "criticality": 0.0941, "travelTimeSec": 58.4, "lengthM": 486.3, "roadClass": "local", "isBridge": false}}, {"type": "Feature", "geometry": {"type": "LineString", "coordinates": [[77.599195, 12.976672], [77.599334, 12.9767]]}, "properties": {"id": "e_osm_294", "source": "n1232686162", "target": "n246397923", "criticality": 0.1331, "travelTimeSec": 1.8, "lengthM": 15.4, "roadClass": "local", "isBridge": false}}, {"type": "Feature", "geometry": {"type": "LineString", "coordinates": [[77.599195, 12.976672], [77.598726, 12.976297]]}, "properties": {"id": "e_osm_437", "source": "n1232686162", "target": "n12147816737", "criticality": 0.1492, "travelTimeSec": 7.9, "lengthM": 66.0, "roadClass": "local", "isBridge": false}}, {"type": "Feature", "geometry": {"type": "LineString", "coordinates": [[77.597381, 12.980669], [77.59737, 12.980695]]}, "properties": {"id": "e_osm_396", "source": "n11286303353", "target": "n3641907741", "criticality": 0.108, "travelTimeSec": 0.4, "lengthM": 3.0, "roadClass": "local", "isBridge": false}}, {"type": "Feature", "geometry": {"type": "LineString", "coordinates": [[77.602388, 12.979205], [77.598041, 12.98068]]}, "properties": {"id": "e_osm_84", "source": "n10075533192", "target": "n4960830631", "criticality": 0.8689, "travelTimeSec": 35.9, "lengthM": 498.9, "roadClass": "arterial", "isBridge": false}}, {"type": "Feature", "geometry": {"type": "LineString", "coordinates": [[77.602388, 12.979205], [77.602069, 12.977937]]}, "properties": {"id": "e_osm_144", "source": "n10075533192", "target": "n6182615270", "criticality": 0.3158, "travelTimeSec": 17.4, "lengthM": 145.2, "roadClass": "local", "isBridge": false}}, {"type": "Feature", "geometry": {"type": "LineString", "coordinates": [[77.602388, 12.979205], [77.602424, 12.979315]]}, "properties": {"id": "e_osm_350", "source": "n10075533192", "target": "n10684915914", "criticality": 0.1857, "travelTimeSec": 1.5, "lengthM": 12.8, "roadClass": "local", "isBridge": false}}, {"type": "Feature", "geometry": {"type": "LineString", "coordinates": [[77.602388, 12.979205], [77.602501, 12.97917]]}, "properties": {"id": "e_osm_355", "source": "n10075533192", "target": "n10075533193", "criticality": 0.5344, "travelTimeSec": 0.9, "lengthM": 12.8, "roadClass": "arterial", "isBridge": false}}, {"type": "Feature", "geometry": {"type": "LineString", "coordinates": [[77.598041, 12.98068], [77.597611, 12.980517]]}, "properties": {"id": "e_osm_208", "source": "n4960830631", "target": "n1650305517", "criticality": 0.0137, "travelTimeSec": 4.1, "lengthM": 56.9, "roadClass": "arterial", "isBridge": false}}, {"type": "Feature", "geometry": {"type": "LineString", "coordinates": [[77.598041, 12.98068], [77.5974, 12.980895]]}, "properties": {"id": "e_osm_366", "source": "n4960830631", "target": "n663596568", "criticality": 0.8603, "travelTimeSec": 5.3, "lengthM": 73.5, "roadClass": "arterial", "isBridge": false}}, {"type": "Feature", "geometry": {"type": "LineString", "coordinates": [[77.58851, 12.984605], [77.588384, 12.984661]]}, "properties": {"id": "e_osm_89", "source": "n1436067879", "target": "n12143506753", "criticality": 0.2256, "travelTimeSec": 1.1, "lengthM": 15.0, "roadClass": "arterial", "isBridge": false}}, {"type": "Feature", "geometry": {"type": "LineString", "coordinates": [[77.58851, 12.984605], [77.591589, 12.983298]]}, "properties": {"id": "e_osm_107", "source": "n1436067879", "target": "n1837595282", "criticality": 0.6151, "travelTimeSec": 26.3, "lengthM": 365.7, "roadClass": "arterial", "isBridge": false}}, {"type": "Feature", "geometry": {"type": "LineString", "coordinates": [[77.5948, 12.966827], [77.595028, 12.966874]]}, "properties": {"id": "e_osm_92", "source": "n1469034694", "target": "n1469034722", "criticality": 0.5153, "travelTimeSec": 2.2, "lengthM": 29.9, "roadClass": "arterial", "isBridge": false}}, {"type": "Feature", "geometry": {"type": "LineString", "coordinates": [[77.5948, 12.966827], [77.596571, 12.964862]]}, "properties": {"id": "e_osm_178", "source": "n1469034694", "target": "n428420200", "criticality": 0.0258, "travelTimeSec": 21.9, "lengthM": 304.2, "roadClass": "arterial", "isBridge": true}}, {"type": "Feature", "geometry": {"type": "LineString", "coordinates": [[77.5948, 12.966827], [77.594643, 12.967041]]}, "properties": {"id": "e_osm_179", "source": "n1469034694", "target": "n458263319", "criticality": 0.5332, "travelTimeSec": 2.1, "lengthM": 29.2, "roadClass": "arterial", "isBridge": false}}, {"type": "Feature", "geometry": {"type": "LineString", "coordinates": [[77.595028, 12.966874], [77.594954, 12.967289]]}, "properties": {"id": "e_osm_428", "source": "n1469034722", "target": "n11425338077", "criticality": 0.1373, "travelTimeSec": 3.4, "lengthM": 46.9, "roadClass": "arterial", "isBridge": false}}, {"type": "Feature", "geometry": {"type": "LineString", "coordinates": [[77.610856, 12.967069], [77.608763, 12.966665]]}, "properties": {"id": "e_osm_93", "source": "n1598530796", "target": "n12462507904", "criticality": 0.0258, "travelTimeSec": 16.6, "lengthM": 231.1, "roadClass": "arterial", "isBridge": true}}, {"type": "Feature", "geometry": {"type": "LineString", "coordinates": [[77.608763, 12.966665], [77.608718, 12.966655]]}, "properties": {"id": "e_osm_419", "source": "n12462507904", "target": "n11919132703", "criticality": 0.127, "travelTimeSec": 0.4, "lengthM": 5.1, "roadClass": "arterial", "isBridge": false}}, {"type": "Feature", "geometry": {"type": "LineString", "coordinates": [[77.603687, 12.984], [77.603522, 12.983676]]}, "properties": {"id": "e_osm_94", "source": "n9548937975", "target": "n1523537189", "criticality": 0.0442, "travelTimeSec": 4.9, "lengthM": 40.7, "roadClass": "local", "isBridge": false}}, {"type": "Feature", "geometry": {"type": "LineString", "coordinates": [[77.603687, 12.984], [77.603816, 12.984089]]}, "properties": {"id": "e_osm_314", "source": "n9548937975", "target": "n13823736261", "criticality": 0.0424, "travelTimeSec": 2.1, "lengthM": 17.4, "roadClass": "local", "isBridge": false}}, {"type": "Feature", "geometry": {"type": "LineString", "coordinates": [[77.603522, 12.983676], [77.603271, 12.982874]]}, "properties": {"id": "e_osm_172", "source": "n1523537189", "target": "n1523537141", "criticality": 0.047, "travelTimeSec": 11.2, "lengthM": 93.2, "roadClass": "local", "isBridge": false}}, {"type": "Feature", "geometry": {"type": "LineString", "coordinates": [[77.596999, 12.98425], [77.597153, 12.984396]]}, "properties": {"id": "e_osm_253", "source": "n10601663791", "target": "n12827961143", "criticality": 0.0262, "travelTimeSec": 1.7, "lengthM": 23.2, "roadClass": "arterial", "isBridge": false}}, {"type": "Feature", "geometry": {"type": "LineString", "coordinates": [[77.596999, 12.98425], [77.596936, 12.984196]]}, "properties": {"id": "e_osm_446", "source": "n10601663791", "target": "n1523537390", "criticality": 0.0555, "travelTimeSec": 0.7, "lengthM": 9.0, "roadClass": "arterial", "isBridge": false}}, {"type": "Feature", "geometry": {"type": "LineString", "coordinates": [[77.603496, 12.982139], [77.603271, 12.982874]]}, "properties": {"id": "e_osm_315", "source": "n1523537066", "target": "n1523537141", "criticality": 0.068, "travelTimeSec": 10.3, "lengthM": 86.1, "roadClass": "local", "isBridge": false}}, {"type": "Feature", "geometry": {"type": "LineString", "coordinates": [[77.607965, 12.975185], [77.608078, 12.975154]]}, "properties": {"id": "e_osm_99", "source": "n11464483505", "target": "n7702031457", "criticality": 0.0068, "travelTimeSec": 1.5, "lengthM": 12.7, "roadClass": "local", "isBridge": false}}, {"type": "Feature", "geometry": {"type": "LineString", "coordinates": [[77.607965, 12.975185], [77.608244, 12.975991]]}, "properties": {"id": "e_osm_244", "source": "n11464483505", "target": "n13800769597", "criticality": 0.48, "travelTimeSec": 11.4, "lengthM": 94.6, "roadClass": "local", "isBridge": false}}, {"type": "Feature", "geometry": {"type": "LineString", "coordinates": [[77.607965, 12.975185], [77.607443, 12.975312]]}, "properties": {"id": "e_osm_370", "source": "n11464483505", "target": "n10713549349", "criticality": 0.0333, "travelTimeSec": 7.0, "lengthM": 58.3, "roadClass": "local", "isBridge": false}}, {"type": "Feature", "geometry": {"type": "LineString", "coordinates": [[77.608078, 12.975154], [77.60836, 12.975951]]}, "properties": {"id": "e_osm_243", "source": "n7702031457", "target": "n13800769599", "criticality": 0.177, "travelTimeSec": 11.3, "lengthM": 93.8, "roadClass": "local", "isBridge": false}}, {"type": "Feature", "geometry": {"type": "LineString", "coordinates": [[77.608078, 12.975154], [77.608042, 12.975057]]}, "properties": {"id": "e_osm_305", "source": "n7702031457", "target": "n11464483504", "criticality": 0.1637, "travelTimeSec": 1.4, "lengthM": 11.4, "roadClass": "local", "isBridge": false}}, {"type": "Feature", "geometry": {"type": "LineString", "coordinates": [[77.608078, 12.975154], [77.608254, 12.975113]]}, "properties": {"id": "e_osm_393", "source": "n7702031457", "target": "n11383482023", "criticality": 0.0514, "travelTimeSec": 2.4, "lengthM": 19.6, "roadClass": "local", "isBridge": true}}, {"type": "Feature", "geometry": {"type": "LineString", "coordinates": [[77.594311, 12.972054], [77.594082, 12.972152]]}, "properties": {"id": "e_osm_232", "source": "n1636623242", "target": "n4058224852", "criticality": 0.0531, "travelTimeSec": 3.3, "lengthM": 27.1, "roadClass": "local", "isBridge": false}}, {"type": "Feature", "geometry": {"type": "LineString", "coordinates": [[77.594311, 12.972054], [77.594377, 12.972028]]}, "properties": {"id": "e_osm_346", "source": "n1636623242", "target": "n5340711535", "criticality": 0.0676, "travelTimeSec": 0.9, "lengthM": 7.7, "roadClass": "local", "isBridge": false}}, {"type": "Feature", "geometry": {"type": "LineString", "coordinates": [[77.594642, 12.981902], [77.594426, 12.981969]]}, "properties": {"id": "e_osm_104", "source": "n2382044454", "target": "n12147813608", "criticality": 0.6378, "travelTimeSec": 1.8, "lengthM": 24.5, "roadClass": "arterial", "isBridge": false}}, {"type": "Feature", "geometry": {"type": "LineString", "coordinates": [[77.594642, 12.981902], [77.594372, 12.981638]]}, "properties": {"id": "e_osm_167", "source": "n2382044454", "target": "n12147813613", "criticality": 0.2829, "travelTimeSec": 3.0, "lengthM": 41.4, "roadClass": "arterial", "isBridge": false}}, {"type": "Feature", "geometry": {"type": "LineString", "coordinates": [[77.594642, 12.981902], [77.594783, 12.981859]]}, "properties": {"id": "e_osm_364", "source": "n2382044454", "target": "n263155937", "criticality": 0.7297, "travelTimeSec": 1.2, "lengthM": 16.0, "roadClass": "arterial", "isBridge": false}}, {"type": "Feature", "geometry": {"type": "LineString", "coordinates": [[77.594642, 12.981902], [77.594808, 12.982096]]}, "properties": {"id": "e_osm_365", "source": "n2382044454", "target": "n3676186233", "criticality": 0.2242, "travelTimeSec": 2.0, "lengthM": 28.1, "roadClass": "arterial", "isBridge": false}}, {"type": "Feature", "geometry": {"type": "LineString", "coordinates": [[77.594426, 12.981969], [77.594372, 12.981638]]}, "properties": {"id": "e_osm_436", "source": "n12147813608", "target": "n12147813613", "criticality": 0.1139, "travelTimeSec": 3.0, "lengthM": 42.0, "roadClass": "arterial", "isBridge": false}}, {"type": "Feature", "geometry": {"type": "LineString", "coordinates": [[77.584863, 12.978878], [77.585387, 12.979726]]}, "properties": {"id": "e_osm_111", "source": "n597084032", "target": "n6458883688", "criticality": 0.0258, "travelTimeSec": 13.2, "lengthM": 110.1, "roadClass": "local", "isBridge": true}}, {"type": "Feature", "geometry": {"type": "LineString", "coordinates": [[77.585387, 12.979726], [77.586635, 12.98168]]}, "properties": {"id": "e_osm_112", "source": "n6458883688", "target": "n10036422031", "criticality": 0.0526, "travelTimeSec": 30.7, "lengthM": 255.9, "roadClass": "local", "isBridge": false}}, {"type": "Feature", "geometry": {"type": "LineString", "coordinates": [[77.585387, 12.979726], [77.585457, 12.979683]]}, "properties": {"id": "e_osm_413", "source": "n6458883688", "target": "n6458883687", "criticality": 0.0018, "travelTimeSec": 1.1, "lengthM": 8.9, "roadClass": "local", "isBridge": false}}, {"type": "Feature", "geometry": {"type": "LineString", "coordinates": [[77.586635, 12.98168], [77.587342, 12.983068]]}, "properties": {"id": "e_osm_113", "source": "n10036422031", "target": "n6458845551", "criticality": 0.0621, "travelTimeSec": 20.7, "lengthM": 172.7, "roadClass": "local", "isBridge": false}}, {"type": "Feature", "geometry": {"type": "LineString", "coordinates": [[77.586635, 12.98168], [77.586727, 12.981666]]}, "properties": {"id": "e_osm_458", "source": "n10036422031", "target": "n12704069723", "criticality": 0.051, "travelTimeSec": 1.2, "lengthM": 10.1, "roadClass": "local", "isBridge": false}}, {"type": "Feature", "geometry": {"type": "LineString", "coordinates": [[77.587342, 12.983068], [77.587559, 12.983477]]}, "properties": {"id": "e_osm_114", "source": "n6458845551", "target": "n3632570060", "criticality": 0.0715, "travelTimeSec": 6.2, "lengthM": 51.3, "roadClass": "local", "isBridge": false}}, {"type": "Feature", "geometry": {"type": "LineString", "coordinates": [[77.587342, 12.983068], [77.58747, 12.983003]]}, "properties": {"id": "e_osm_241", "source": "n6458845551", "target": "n6458845550", "criticality": 0.0007, "travelTimeSec": 1.9, "lengthM": 15.6, "roadClass": "local", "isBridge": false}}, {"type": "Feature", "geometry": {"type": "LineString", "coordinates": [[77.587559, 12.983477], [77.587917, 12.984307]]}, "properties": {"id": "e_osm_189", "source": "n3632570060", "target": "n2190851973", "criticality": 0.0801, "travelTimeSec": 12.1, "lengthM": 100.5, "roadClass": "local", "isBridge": false}}, {"type": "Feature", "geometry": {"type": "LineString", "coordinates": [[77.587559, 12.983477], [77.587551, 12.984211]]}, "properties": {"id": "e_osm_274", "source": "n3632570060", "target": "n1726148405", "criticality": 0.0017, "travelTimeSec": 12.2, "lengthM": 102.1, "roadClass": "local", "isBridge": false}}, {"type": "Feature", "geometry": {"type": "LineString", "coordinates": [[77.588229, 12.984883], [77.58879, 12.986365]]}, "properties": {"id": "e_osm_115", "source": "n1436067882", "target": "n12099941385", "criticality": 0.0258, "travelTimeSec": 12.7, "lengthM": 175.8, "roadClass": "arterial", "isBridge": true}}, {"type": "Feature", "geometry": {"type": "LineString", "coordinates": [[77.588229, 12.984883], [77.588096, 12.984677]]}, "properties": {"id": "e_osm_412", "source": "n1436067882", "target": "n11169337573", "criticality": 0.0431, "travelTimeSec": 3.2, "lengthM": 27.1, "roadClass": "local", "isBridge": false}}, {"type": "Feature", "geometry": {"type": "LineString", "coordinates": [[77.592341, 12.983155], [77.592721, 12.984259]]}, "properties": {"id": "e_osm_116", "source": "n10016225575", "target": "n254665655", "criticality": 0.0316, "travelTimeSec": 9.3, "lengthM": 129.4, "roadClass": "arterial", "isBridge": false}}, {"type": "Feature", "geometry": {"type": "LineString", "coordinates": [[77.592721, 12.984259], [77.593304, 12.985715]]}, "properties": {"id": "e_osm_123", "source": "n254665655", "target": "n263156256", "criticality": 0.0258, "travelTimeSec": 20.9, "lengthM": 173.8, "roadClass": "local", "isBridge": true}}, {"type": "Feature", "geometry": {"type": "LineString", "coordinates": [[77.592721, 12.984259], [77.595747, 12.983248]]}, "properties": {"id": "e_osm_124", "source": "n254665655", "target": "n10121050217", "criticality": 0.0424, "travelTimeSec": 25.0, "lengthM": 346.6, "roadClass": "arterial", "isBridge": false}}, {"type": "Feature", "geometry": {"type": "LineString", "coordinates": [[77.601799, 12.976518], [77.601792, 12.976639]]}, "properties": {"id": "e_osm_142", "source": "n10016346056", "target": "n12429489160", "criticality": 0.2444, "travelTimeSec": 1.6, "lengthM": 13.4, "roadClass": "local", "isBridge": false}}, {"type": "Feature", "geometry": {"type": "LineString", "coordinates": [[77.601799, 12.976518], [77.601864, 12.976637]]}, "properties": {"id": "e_osm_377", "source": "n10016346056", "target": "n7676373070", "criticality": 0.2151, "travelTimeSec": 1.8, "lengthM": 15.1, "roadClass": "local", "isBridge": false}}, {"type": "Feature", "geometry": {"type": "LineString", "coordinates": [[77.601799, 12.976518], [77.602543, 12.976381]]}, "properties": {"id": "e_osm_425", "source": "n10016346056", "target": "n334473863", "criticality": 0.0659, "travelTimeSec": 9.9, "lengthM": 82.4, "roadClass": "local", "isBridge": false}}, {"type": "Feature", "geometry": {"type": "LineString", "coordinates": [[77.606678, 12.966207], [77.606583, 12.966187]]}, "properties": {"id": "e_osm_118", "source": "n12460929706", "target": "n13507201648", "criticality": 0.1652, "travelTimeSec": 0.8, "lengthM": 10.5, "roadClass": "arterial", "isBridge": false}}, {"type": "Feature", "geometry": {"type": "LineString", "coordinates": [[77.606678, 12.966207], [77.606723, 12.966217]]}, "properties": {"id": "e_osm_467", "source": "n12460929706", "target": "n10043357422", "criticality": 0.1697, "travelTimeSec": 0.4, "lengthM": 5.0, "roadClass": "arterial", "isBridge": false}}, {"type": "Feature", "geometry": {"type": "LineString", "coordinates": [[77.606583, 12.966187], [77.60675, 12.966031]]}, "properties": {"id": "e_osm_472", "source": "n13507201648", "target": "n13507201652", "criticality": 0.0213, "travelTimeSec": 1.8, "lengthM": 25.4, "roadClass": "arterial", "isBridge": false}}, {"type": "Feature", "geometry": {"type": "LineString", "coordinates": [[77.601487, 12.965451], [77.601414, 12.965442]]}, "properties": {"id": "e_osm_121", "source": "n6421171406", "target": "n248455459", "criticality": 0.1836, "travelTimeSec": 0.6, "lengthM": 8.0, "roadClass": "arterial", "isBridge": false}}, {"type": "Feature", "geometry": {"type": "LineString", "coordinates": [[77.601487, 12.965451], [77.601453, 12.965642]]}, "properties": {"id": "e_osm_343", "source": "n6421171406", "target": "n248455467", "criticality": 0.0381, "travelTimeSec": 2.6, "lengthM": 21.5, "roadClass": "local", "isBridge": false}}, {"type": "Feature", "geometry": {"type": "LineString", "coordinates": [[77.601414, 12.965442], [77.601453, 12.965642]]}, "properties": {"id": "e_osm_342", "source": "n248455459", "target": "n248455467", "criticality": 0.0535, "travelTimeSec": 2.7, "lengthM": 22.6, "roadClass": "local", "isBridge": false}}, {"type": "Feature", "geometry": {"type": "LineString", "coordinates": [[77.595747, 12.983248], [77.596936, 12.984196]]}, "properties": {"id": "e_osm_159", "source": "n10121050217", "target": "n1523537390", "criticality": 0.0485, "travelTimeSec": 12.0, "lengthM": 166.6, "roadClass": "arterial", "isBridge": false}}, {"type": "Feature", "geometry": {"type": "LineString", "coordinates": [[77.595747, 12.983248], [77.595861, 12.983192]]}, "properties": {"id": "e_osm_328", "source": "n10121050217", "target": "n10121033916", "criticality": 0.2105, "travelTimeSec": 1.0, "lengthM": 13.9, "roadClass": "arterial", "isBridge": false}}, {"type": "Feature", "geometry": {"type": "LineString", "coordinates": [[77.595747, 12.983248], [77.595692, 12.983188]]}, "properties": {"id": "e_osm_330", "source": "n10121050217", "target": "n10121050221", "criticality": 0.2108, "travelTimeSec": 0.6, "lengthM": 8.9, "roadClass": "arterial", "isBridge": false}}, {"type": "Feature", "geometry": {"type": "LineString", "coordinates": [[77.606762, 12.978121], [77.606694, 12.977934]]}, "properties": {"id": "e_osm_333", "source": "n10001371115", "target": "n11432459015", "criticality": 0.0479, "travelTimeSec": 2.6, "lengthM": 22.1, "roadClass": "local", "isBridge": false}}, {"type": "Feature", "geometry": {"type": "LineString", "coordinates": [[77.609239, 12.970709], [77.607141, 12.971418]]}, "properties": {"id": "e_osm_127", "source": "n442972813", "target": "n1232963668", "criticality": 0.0769, "travelTimeSec": 28.9, "lengthM": 240.7, "roadClass": "local", "isBridge": true}}, {"type": "Feature", "geometry": {"type": "LineString", "coordinates": [[77.609239, 12.970709], [77.609722, 12.970557]]}, "properties": {"id": "e_osm_414", "source": "n442972813", "target": "n11854316023", "criticality": 0.0514, "travelTimeSec": 6.6, "lengthM": 55.0, "roadClass": "local", "isBridge": true}}, {"type": "Feature", "geometry": {"type": "LineString", "coordinates": [[77.607141, 12.971418], [77.607039, 12.971451]]}, "properties": {"id": "e_osm_470", "source": "n1232963668", "target": "n5372824878", "criticality": 0.1022, "travelTimeSec": 1.4, "lengthM": 11.6, "roadClass": "local", "isBridge": true}}, {"type": "Feature", "geometry": {"type": "LineString", "coordinates": [[77.594643, 12.967041], [77.594602, 12.967088]]}, "properties": {"id": "e_osm_130", "source": "n458263319", "target": "n11425338076", "criticality": 0.5281, "travelTimeSec": 0.5, "lengthM": 7.0, "roadClass": "arterial", "isBridge": false}}, {"type": "Feature", "geometry": {"type": "LineString", "coordinates": [[77.594643, 12.967041], [77.594954, 12.967289]]}, "properties": {"id": "e_osm_395", "source": "n458263319", "target": "n11425338077", "criticality": 0.0331, "travelTimeSec": 3.2, "lengthM": 45.1, "roadClass": "arterial", "isBridge": false}}, {"type": "Feature", "geometry": {"type": "LineString", "coordinates": [[77.597284, 12.984424], [77.597438, 12.984236]]}, "properties": {"id": "e_osm_135", "source": "n12803586900", "target": "n11342970568", "criticality": 0.1224, "travelTimeSec": 3.2, "lengthM": 26.9, "roadClass": "local", "isBridge": false}}, {"type": "Feature", "geometry": {"type": "LineString", "coordinates": [[77.597284, 12.984424], [77.597227, 12.9845]]}, "properties": {"id": "e_osm_461", "source": "n12803586900", "target": "n9642156101", "criticality": 0.0083, "travelTimeSec": 0.8, "lengthM": 10.5, "roadClass": "arterial", "isBridge": false}}, {"type": "Feature", "geometry": {"type": "LineString", "coordinates": [[77.597438, 12.984236], [77.598564, 12.984112]]}, "properties": {"id": "e_osm_445", "source": "n11342970568", "target": "n3226590481", "criticality": 0.1, "travelTimeSec": 15.3, "lengthM": 127.8, "roadClass": "local", "isBridge": false}}, {"type": "Feature", "geometry": {"type": "LineString", "coordinates": [[77.603217, 12.984187], [77.603113, 12.98422]]}, "properties": {"id": "e_osm_309", "source": "n1523537382", "target": "n1523537385", "criticality": 0.2125, "travelTimeSec": 1.4, "lengthM": 11.8, "roadClass": "local", "isBridge": false}}, {"type": "Feature", "geometry": {"type": "LineString", "coordinates": [[77.60163, 12.984573], [77.601761, 12.984592]]}, "properties": {"id": "e_osm_199", "source": "n294079186", "target": "n1517317434", "criticality": 0.1602, "travelTimeSec": 2.0, "lengthM": 16.7, "roadClass": "local", "isBridge": false}}, {"type": "Feature", "geometry": {"type": "LineString", "coordinates": [[77.606723, 12.966217], [77.606012, 12.968434]]}, "properties": {"id": "e_osm_138", "source": "n10043357422", "target": "n12460929618", "criticality": 0.0336, "travelTimeSec": 31.1, "lengthM": 259.5, "roadClass": "local", "isBridge": false}}, {"type": "Feature", "geometry": {"type": "LineString", "coordinates": [[77.606723, 12.966217], [77.606824, 12.966239]]}, "properties": {"id": "e_osm_188", "source": "n10043357422", "target": "n2473493601", "criticality": 0.2149, "travelTimeSec": 0.8, "lengthM": 11.3, "roadClass": "arterial", "isBridge": false}}, {"type": "Feature", "geometry": {"type": "LineString", "coordinates": [[77.606723, 12.966217], [77.60675, 12.966031]]}, "properties": {"id": "e_osm_277", "source": "n10043357422", "target": "n13507201652", "criticality": 0.0301, "travelTimeSec": 1.5, "lengthM": 20.9, "roadClass": "arterial", "isBridge": false}}, {"type": "Feature", "geometry": {"type": "LineString", "coordinates": [[77.606012, 12.968434], [77.604807, 12.970902]]}, "properties": {"id": "e_osm_272", "source": "n12460929618", "target": "n60952254", "criticality": 0.0542, "travelTimeSec": 36.5, "lengthM": 303.9, "roadClass": "local", "isBridge": false}}, {"type": "Feature", "geometry": {"type": "LineString", "coordinates": [[77.606804, 12.966325], [77.606824, 12.966239]]}, "properties": {"id": "e_osm_327", "source": "n10120806032", "target": "n2473493601", "criticality": 0.2057, "travelTimeSec": 1.2, "lengthM": 9.8, "roadClass": "local", "isBridge": false}}, {"type": "Feature", "geometry": {"type": "LineString", "coordinates": [[77.588343, 12.977241], [77.588656, 12.97665]]}, "properties": {"id": "e_osm_140", "source": "n294081985", "target": "n663196284", "criticality": 0.3229, "travelTimeSec": 8.9, "lengthM": 73.9, "roadClass": "local", "isBridge": false}}, {"type": "Feature", "geometry": {"type": "LineString", "coordinates": [[77.588343, 12.977241], [77.587501, 12.97908]]}, "properties": {"id": "e_osm_259", "source": "n294081985", "target": "n456204184", "criticality": 0.3027, "travelTimeSec": 27.1, "lengthM": 225.7, "roadClass": "local", "isBridge": false}}, {"type": "Feature", "geometry": {"type": "LineString", "coordinates": [[77.588656, 12.97665], [77.589252, 12.976938]]}, "properties": {"id": "e_osm_323", "source": "n663196284", "target": "n3461275975", "criticality": 0.2421, "travelTimeSec": 5.2, "lengthM": 72.1, "roadClass": "arterial", "isBridge": false}}, {"type": "Feature", "geometry": {"type": "LineString", "coordinates": [[77.588656, 12.97665], [77.588311, 12.976469]]}, "properties": {"id": "e_osm_375", "source": "n663196284", "target": "n10038553695", "criticality": 0.5074, "travelTimeSec": 3.1, "lengthM": 42.5, "roadClass": "arterial", "isBridge": false}}, {"type": "Feature", "geometry": {"type": "LineString", "coordinates": [[77.601792, 12.976639], [77.602069, 12.977937]]}, "properties": {"id": "e_osm_143", "source": "n12429489160", "target": "n6182615270", "criticality": 0.3115, "travelTimeSec": 17.8, "lengthM": 147.9, "roadClass": "local", "isBridge": false}}, {"type": "Feature", "geometry": {"type": "LineString", "coordinates": [[77.601792, 12.976639], [77.600859, 12.976661]]}, "properties": {"id": "e_osm_295", "source": "n12429489160", "target": "n12670396698", "criticality": 0.1341, "travelTimeSec": 12.1, "lengthM": 101.2, "roadClass": "local", "isBridge": false}}, {"type": "Feature", "geometry": {"type": "LineString", "coordinates": [[77.601792, 12.976639], [77.601864, 12.976637]]}, "properties": {"id": "e_osm_296", "source": "n12429489160", "target": "n7676373070", "criticality": 0.057, "travelTimeSec": 0.9, "lengthM": 7.9, "roadClass": "local", "isBridge": false}}, {"type": "Feature", "geometry": {"type": "LineString", "coordinates": [[77.602069, 12.977937], [77.602201, 12.977906]]}, "properties": {"id": "e_osm_239", "source": "n6182615270", "target": "n6182615269", "criticality": 0.0001, "travelTimeSec": 1.8, "lengthM": 14.7, "roadClass": "local", "isBridge": false}}, {"type": "Feature", "geometry": {"type": "LineString", "coordinates": [[77.610098, 12.980951], [77.609114, 12.978179]]}, "properties": {"id": "e_osm_145", "source": "n1837445457", "target": "n11432458970", "criticality": 0.0258, "travelTimeSec": 39.1, "lengthM": 326.2, "roadClass": "local", "isBridge": true}}, {"type": "Feature", "geometry": {"type": "LineString", "coordinates": [[77.609114, 12.978179], [77.609073, 12.978056]]}, "properties": {"id": "e_osm_146", "source": "n11432458970", "target": "n6455277120", "criticality": 0.0511, "travelTimeSec": 1.7, "lengthM": 14.3, "roadClass": "local", "isBridge": false}}, {"type": "Feature", "geometry": {"type": "LineString", "coordinates": [[77.609114, 12.978179], [77.609053, 12.978201]]}, "properties": {"id": "e_osm_240", "source": "n11432458970", "target": "n6455277121", "criticality": 0.0008, "travelTimeSec": 0.9, "lengthM": 7.1, "roadClass": "local", "isBridge": false}}, {"type": "Feature", "geometry": {"type": "LineString", "coordinates": [[77.609073, 12.978056], [77.608797, 12.977244]]}, "properties": {"id": "e_osm_369", "source": "n6455277120", "target": "n10075533188", "criticality": 0.076, "travelTimeSec": 11.4, "lengthM": 95.3, "roadClass": "local", "isBridge": false}}, {"type": "Feature", "geometry": {"type": "LineString", "coordinates": [[77.587501, 12.97908], [77.588707, 12.980976]]}, "properties": {"id": "e_osm_262", "source": "n456204184", "target": "n3461278331", "criticality": 0.0208, "travelTimeSec": 30.6, "lengthM": 254.7, "roadClass": "local", "isBridge": false}}, {"type": "Feature", "geometry": {"type": "LineString", "coordinates": [[77.588462, 12.981429], [77.588469, 12.981537]]}, "properties": {"id": "e_osm_149", "source": "n3461278359", "target": "n10001492588", "criticality": 0.1643, "travelTimeSec": 1.4, "lengthM": 12.0, "roadClass": "local", "isBridge": false}}, {"type": "Feature", "geometry": {"type": "LineString", "coordinates": [[77.588469, 12.981537], [77.588551, 12.981767]]}, "properties": {"id": "e_osm_150", "source": "n10001492588", "target": "n3461288196", "criticality": 0.1662, "travelTimeSec": 3.3, "lengthM": 27.8, "roadClass": "local", "isBridge": false}}, {"type": "Feature", "geometry": {"type": "LineString", "coordinates": [[77.588469, 12.981537], [77.588637, 12.981549]]}, "properties": {"id": "e_osm_307", "source": "n10001492588", "target": "n3461278368", "criticality": 0.0011, "travelTimeSec": 2.7, "lengthM": 22.5, "roadClass": "local", "isBridge": false}}, {"type": "Feature", "geometry": {"type": "LineString", "coordinates": [[77.588551, 12.981767], [77.588637, 12.981549]]}, "properties": {"id": "e_osm_260", "source": "n3461288196", "target": "n3461278368", "criticality": 0.0284, "travelTimeSec": 3.1, "lengthM": 25.9, "roadClass": "local", "isBridge": false}}, {"type": "Feature", "geometry": {"type": "LineString", "coordinates": [[77.599334, 12.9767], [77.599352, 12.976616]]}, "properties": {"id": "e_osm_152", "source": "n246397923", "target": "n7697830173", "criticality": 0.2182, "travelTimeSec": 1.1, "lengthM": 9.6, "roadClass": "local", "isBridge": false}}, {"type": "Feature", "geometry": {"type": "LineString", "coordinates": [[77.599334, 12.9767], [77.597611, 12.980517]]}, "properties": {"id": "e_osm_246", "source": "n246397923", "target": "n1650305517", "criticality": 0.1955, "travelTimeSec": 55.7, "lengthM": 463.9, "roadClass": "local", "isBridge": false}}, {"type": "Feature", "geometry": {"type": "LineString", "coordinates": [[77.599334, 12.9767], [77.599602, 12.9767]]}, "properties": {"id": "e_osm_312", "source": "n246397923", "target": "n3343265828", "criticality": 0.1508, "travelTimeSec": 3.5, "lengthM": 29.0, "roadClass": "local", "isBridge": false}}, {"type": "Feature", "geometry": {"type": "LineString", "coordinates": [[77.599352, 12.976616], [77.600008, 12.976593]]}, "properties": {"id": "e_osm_283", "source": "n7697830173", "target": "n10083741121", "criticality": 0.1317, "travelTimeSec": 8.5, "lengthM": 71.1, "roadClass": "local", "isBridge": false}}, {"type": "Feature", "geometry": {"type": "LineString", "coordinates": [[77.587049, 12.975926], [77.586307, 12.976517]]}, "properties": {"id": "e_osm_153", "source": "n12141911062", "target": "n3943327637", "criticality": 0.0514, "travelTimeSec": 7.5, "lengthM": 104.0, "roadClass": "arterial", "isBridge": true}}, {"type": "Feature", "geometry": {"type": "LineString", "coordinates": [[77.587049, 12.975926], [77.58704, 12.975846]]}, "properties": {"id": "e_osm_443", "source": "n12141911062", "target": "n1482644048", "criticality": 0.1439, "travelTimeSec": 0.7, "lengthM": 9.1, "roadClass": "arterial", "isBridge": false}}, {"type": "Feature", "geometry": {"type": "LineString", "coordinates": [[77.587049, 12.975926], [77.587143, 12.976041]]}, "properties": {"id": "e_osm_444", "source": "n12141911062", "target": "n12141911057", "criticality": 0.1603, "travelTimeSec": 1.2, "lengthM": 16.8, "roadClass": "arterial", "isBridge": false}}, {"type": "Feature", "geometry": {"type": "LineString", "coordinates": [[77.586307, 12.976517], [77.584695, 12.977654]]}, "properties": {"id": "e_osm_279", "source": "n3943327637", "target": "n1608982292", "criticality": 0.0258, "travelTimeSec": 15.5, "lengthM": 215.6, "roadClass": "arterial", "isBridge": true}}, {"type": "Feature", "geometry": {"type": "LineString", "coordinates": [[77.588707, 12.980976], [77.588637, 12.981549]]}, "properties": {"id": "e_osm_261", "source": "n3461278331", "target": "n3461278368", "criticality": 0.0244, "travelTimeSec": 7.7, "lengthM": 64.3, "roadClass": "local", "isBridge": false}}, {"type": "Feature", "geometry": {"type": "LineString", "coordinates": [[77.597059, 12.981029], [77.596293, 12.981354]]}, "properties": {"id": "e_osm_155", "source": "n3641907748", "target": "n3641907747", "criticality": 0.9817, "travelTimeSec": 6.6, "lengthM": 91.7, "roadClass": "arterial", "isBridge": false}}, {"type": "Feature", "geometry": {"type": "LineString", "coordinates": [[77.597059, 12.981029], [77.59737, 12.980695]]}, "properties": {"id": "e_osm_156", "source": "n3641907748", "target": "n3641907741", "criticality": 0.1218, "travelTimeSec": 6.0, "lengthM": 50.3, "roadClass": "local", "isBridge": false}}, {"type": "Feature", "geometry": {"type": "LineString", "coordinates": [[77.597059, 12.981029], [77.5974, 12.980895]]}, "properties": {"id": "e_osm_168", "source": "n3641907748", "target": "n663596568", "criticality": 0.9091, "travelTimeSec": 2.9, "lengthM": 39.9, "roadClass": "arterial", "isBridge": false}}, {"type": "Feature", "geometry": {"type": "LineString", "coordinates": [[77.596293, 12.981354], [77.595902, 12.981473]]}, "properties": {"id": "e_osm_254", "source": "n3641907747", "target": "n2014690200", "criticality": 0.9865, "travelTimeSec": 3.2, "lengthM": 44.4, "roadClass": "arterial", "isBridge": false}}, {"type": "Feature", "geometry": {"type": "LineString", "coordinates": [[77.602501, 12.97917], [77.602201, 12.977906]]}, "properties": {"id": "e_osm_157", "source": "n10075533193", "target": "n6182615269", "criticality": 0.2665, "travelTimeSec": 17.3, "lengthM": 144.3, "roadClass": "local", "isBridge": false}}, {"type": "Feature", "geometry": {"type": "LineString", "coordinates": [[77.602501, 12.97917], [77.604902, 12.97839]]}, "properties": {"id": "e_osm_219", "source": "n10075533193", "target": "n3740962463", "criticality": 0.6355, "travelTimeSec": 19.7, "lengthM": 274.3, "roadClass": "arterial", "isBridge": false}}, {"type": "Feature", "geometry": {"type": "LineString", "coordinates": [[77.602501, 12.97917], [77.602513, 12.979284]]}, "properties": {"id": "e_osm_354", "source": "n10075533193", "target": "n6421110959", "criticality": 0.1305, "travelTimeSec": 1.5, "lengthM": 12.8, "roadClass": "local", "isBridge": false}}, {"type": "Feature", "geometry": {"type": "LineString", "coordinates": [[77.602201, 12.977906], [77.601864, 12.976637]]}, "properties": {"id": "e_osm_376", "source": "n6182615269", "target": "n7676373070", "criticality": 0.2622, "travelTimeSec": 17.5, "lengthM": 145.8, "roadClass": "local", "isBridge": false}}, {"type": "Feature", "geometry": {"type": "LineString", "coordinates": [[77.595861, 12.983192], [77.595775, 12.983083]]}, "properties": {"id": "e_osm_349", "source": "n10121033916", "target": "n10683049209", "criticality": 0.1607, "travelTimeSec": 1.1, "lengthM": 15.2, "roadClass": "arterial", "isBridge": false}}, {"type": "Feature", "geometry": {"type": "LineString", "coordinates": [[77.594783, 12.981859], [77.593863, 12.980911]]}, "properties": {"id": "e_osm_161", "source": "n263155937", "target": "n11854384388", "criticality": 0.4118, "travelTimeSec": 10.4, "lengthM": 145.1, "roadClass": "arterial", "isBridge": false}}, {"type": "Feature", "geometry": {"type": "LineString", "coordinates": [[77.594783, 12.981859], [77.595902, 12.981473]]}, "properties": {"id": "e_osm_203", "source": "n263155937", "target": "n2014690200", "criticality": 1.0, "travelTimeSec": 9.3, "lengthM": 128.7, "roadClass": "arterial", "isBridge": false}}, {"type": "Feature", "geometry": {"type": "LineString", "coordinates": [[77.594783, 12.981859], [77.595009, 12.982107]]}, "properties": {"id": "e_osm_363", "source": "n263155937", "target": "n10685005810", "criticality": 0.1745, "travelTimeSec": 2.7, "lengthM": 36.9, "roadClass": "arterial", "isBridge": false}}, {"type": "Feature", "geometry": {"type": "LineString", "coordinates": [[77.593863, 12.980911], [77.593754, 12.98079]]}, "properties": {"id": "e_osm_162", "source": "n11854384388", "target": "n11854384389", "criticality": 0.4563, "travelTimeSec": 1.3, "lengthM": 17.8, "roadClass": "arterial", "isBridge": false}}, {"type": "Feature", "geometry": {"type": "LineString", "coordinates": [[77.593863, 12.980911], [77.593757, 12.980999]]}, "properties": {"id": "e_osm_415", "source": "n11854384388", "target": "n3755973278", "criticality": 0.0578, "travelTimeSec": 1.1, "lengthM": 15.1, "roadClass": "arterial", "isBridge": false}}, {"type": "Feature", "geometry": {"type": "LineString", "coordinates": [[77.593754, 12.98079], [77.588743, 12.976566]]}, "properties": {"id": "e_osm_163", "source": "n11854384389", "target": "n294081916", "criticality": 0.5029, "travelTimeSec": 52.3, "lengthM": 725.7, "roadClass": "arterial", "isBridge": false}}, {"type": "Feature", "geometry": {"type": "LineString", "coordinates": [[77.593754, 12.98079], [77.593645, 12.980884]]}, "properties": {"id": "e_osm_416", "source": "n11854384389", "target": "n11854384390", "criticality": 0.0628, "travelTimeSec": 1.1, "lengthM": 15.7, "roadClass": "arterial", "isBridge": false}}, {"type": "Feature", "geometry": {"type": "LineString", "coordinates": [[77.588743, 12.976566], [77.58844, 12.976425]]}, "properties": {"id": "e_osm_324", "source": "n294081916", "target": "n10038553715", "criticality": 0.5016, "travelTimeSec": 2.6, "lengthM": 36.4, "roadClass": "arterial", "isBridge": false}}, {"type": "Feature", "geometry": {"type": "LineString", "coordinates": [[77.590735, 12.977846], [77.593645, 12.980884]]}, "properties": {"id": "e_osm_164", "source": "n10121296057", "target": "n11854384390", "criticality": 0.2466, "travelTimeSec": 33.3, "lengthM": 462.2, "roadClass": "arterial", "isBridge": false}}, {"type": "Feature", "geometry": {"type": "LineString", "coordinates": [[77.590735, 12.977846], [77.589252, 12.976938]]}, "properties": {"id": "e_osm_403", "source": "n10121296057", "target": "n3461275975", "criticality": 0.2436, "travelTimeSec": 13.8, "lengthM": 192.0, "roadClass": "arterial", "isBridge": false}}, {"type": "Feature", "geometry": {"type": "LineString", "coordinates": [[77.593645, 12.980884], [77.593757, 12.980999]]}, "properties": {"id": "e_osm_165", "source": "n11854384390", "target": "n3755973278", "criticality": 0.3169, "travelTimeSec": 1.3, "lengthM": 17.6, "roadClass": "arterial", "isBridge": false}}, {"type": "Feature", "geometry": {"type": "LineString", "coordinates": [[77.593757, 12.980999], [77.594372, 12.981638]]}, "properties": {"id": "e_osm_166", "source": "n3755973278", "target": "n12147813613", "criticality": 0.3849, "travelTimeSec": 7.0, "lengthM": 97.5, "roadClass": "arterial", "isBridge": false}}, {"type": "Feature", "geometry": {"type": "LineString", "coordinates": [[77.5974, 12.980895], [77.597611, 12.980517]]}, "properties": {"id": "e_osm_209", "source": "n663596568", "target": "n1650305517", "criticality": 0.2007, "travelTimeSec": 5.8, "lengthM": 47.9, "roadClass": "local", "isBridge": false}}, {"type": "Feature", "geometry": {"type": "LineString", "coordinates": [[77.598409, 12.980649], [77.600917, 12.979822]]}, "properties": {"id": "e_osm_169", "source": "n429303173", "target": "n578138422", "criticality": 0.1995, "travelTimeSec": 20.7, "lengthM": 287.0, "roadClass": "arterial", "isBridge": false}}, {"type": "Feature", "geometry": {"type": "LineString", "coordinates": [[77.598409, 12.980649], [77.597513, 12.980965]]}, "properties": {"id": "e_osm_313", "source": "n429303173", "target": "n663596569", "criticality": 0.2038, "travelTimeSec": 7.4, "lengthM": 103.3, "roadClass": "arterial", "isBridge": false}}, {"type": "Feature", "geometry": {"type": "LineString", "coordinates": [[77.600917, 12.979822], [77.602424, 12.979315]]}, "properties": {"id": "e_osm_258", "source": "n578138422", "target": "n10684915914", "criticality": 0.2024, "travelTimeSec": 12.4, "lengthM": 172.8, "roadClass": "arterial", "isBridge": false}}, {"type": "Feature", "geometry": {"type": "LineString", "coordinates": [[77.594808, 12.982096], [77.595692, 12.983188]]}, "properties": {"id": "e_osm_170", "source": "n3676186233", "target": "n10121050221", "criticality": 0.2042, "travelTimeSec": 11.1, "lengthM": 154.7, "roadClass": "arterial", "isBridge": false}}, {"type": "Feature", "geometry": {"type": "LineString", "coordinates": [[77.587065, 12.975764], [77.58678, 12.975656]]}, "properties": {"id": "e_osm_171", "source": "n10978687879", "target": "n9140200258", "criticality": 0.0514, "travelTimeSec": 4.0, "lengthM": 33.2, "roadClass": "local", "isBridge": true}}, {"type": "Feature", "geometry": {"type": "LineString", "coordinates": [[77.587065, 12.975764], [77.58704, 12.975846]]}, "properties": {"id": "e_osm_434", "source": "n10978687879", "target": "n1482644048", "criticality": 0.1339, "travelTimeSec": 0.7, "lengthM": 9.6, "roadClass": "arterial", "isBridge": false}}, {"type": "Feature", "geometry": {"type": "LineString", "coordinates": [[77.58678, 12.975656], [77.583443, 12.973975]]}, "properties": {"id": "e_osm_374", "source": "n9140200258", "target": "n10026235548", "criticality": 0.0258, "travelTimeSec": 49.0, "lengthM": 408.1, "roadClass": "local", "isBridge": true}}, {"type": "Feature", "geometry": {"type": "LineString", "coordinates": [[77.597242, 12.98453], [77.597227, 12.9845]]}, "properties": {"id": "e_osm_173", "source": "n12484332871", "target": "n9642156101", "criticality": 0.0545, "travelTimeSec": 0.3, "lengthM": 3.7, "roadClass": "arterial", "isBridge": false}}, {"type": "Feature", "geometry": {"type": "LineString", "coordinates": [[77.597242, 12.98453], [77.597551, 12.985202]]}, "properties": {"id": "e_osm_386", "source": "n12484332871", "target": "n429303180", "criticality": 0.0258, "travelTimeSec": 5.9, "lengthM": 81.9, "roadClass": "arterial", "isBridge": true}}, {"type": "Feature", "geometry": {"type": "LineString", "coordinates": [[77.597227, 12.9845], [77.597153, 12.984396]]}, "properties": {"id": "e_osm_462", "source": "n9642156101", "target": "n12827961143", "criticality": 0.0714, "travelTimeSec": 1.0, "lengthM": 14.1, "roadClass": "arterial", "isBridge": false}}, {"type": "Feature", "geometry": {"type": "LineString", "coordinates": [[77.601728, 12.98468], [77.601761, 12.984592]]}, "properties": {"id": "e_osm_175", "source": "n2462936982", "target": "n1517317434", "criticality": 0.0522, "travelTimeSec": 1.4, "lengthM": 11.3, "roadClass": "local", "isBridge": false}}, {"type": "Feature", "geometry": {"type": "LineString", "coordinates": [[77.601761, 12.984592], [77.603015, 12.984246]]}, "properties": {"id": "e_osm_206", "source": "n1517317434", "target": "n5558684107", "criticality": 0.2083, "travelTimeSec": 17.0, "lengthM": 141.3, "roadClass": "local", "isBridge": false}}, {"type": "Feature", "geometry": {"type": "LineString", "coordinates": [[77.607637, 12.977617], [77.607591, 12.977505]]}, "properties": {"id": "e_osm_176", "source": "n3740962430", "target": "n3740962222", "criticality": 0.2035, "travelTimeSec": 1.0, "lengthM": 13.4, "roadClass": "arterial", "isBridge": false}}, {"type": "Feature", "geometry": {"type": "LineString", "coordinates": [[77.607637, 12.977617], [77.607509, 12.977658]]}, "properties": {"id": "e_osm_379", "source": "n3740962430", "target": "n3387938696", "criticality": 0.1089, "travelTimeSec": 1.1, "lengthM": 14.6, "roadClass": "arterial", "isBridge": false}}, {"type": "Feature", "geometry": {"type": "LineString", "coordinates": [[77.607637, 12.977617], [77.607742, 12.977585]]}, "properties": {"id": "e_osm_382", "source": "n3740962430", "target": "n3387938695", "criticality": 0.1811, "travelTimeSec": 0.9, "lengthM": 11.8, "roadClass": "arterial", "isBridge": false}}, {"type": "Feature", "geometry": {"type": "LineString", "coordinates": [[77.607591, 12.977505], [77.607479, 12.977542]]}, "properties": {"id": "e_osm_380", "source": "n3740962222", "target": "n11169217411", "criticality": 0.7067, "travelTimeSec": 0.9, "lengthM": 12.8, "roadClass": "arterial", "isBridge": false}}, {"type": "Feature", "geometry": {"type": "LineString", "coordinates": [[77.607591, 12.977505], [77.607707, 12.977465]]}, "properties": {"id": "e_osm_381", "source": "n3740962222", "target": "n11169217412", "criticality": 0.6123, "travelTimeSec": 1.0, "lengthM": 13.3, "roadClass": "arterial", "isBridge": false}}, {"type": "Feature", "geometry": {"type": "LineString", "coordinates": [[77.605859, 12.97808], [77.604902, 12.97839]]}, "properties": {"id": "e_osm_218", "source": "n3740962448", "target": "n3740962463", "criticality": 0.7404, "travelTimeSec": 7.9, "lengthM": 109.2, "roadClass": "arterial", "isBridge": false}}, {"type": "Feature", "geometry": {"type": "LineString", "coordinates": [[77.605859, 12.97808], [77.606545, 12.977845]]}, "properties": {"id": "e_osm_222", "source": "n3740962448", "target": "n1351131659", "criticality": 0.7371, "travelTimeSec": 5.7, "lengthM": 78.8, "roadClass": "arterial", "isBridge": false}}, {"type": "Feature", "geometry": {"type": "LineString", "coordinates": [[77.581504, 12.972868], [77.58704, 12.975846]]}, "properties": {"id": "e_osm_180", "source": "n1087824504", "target": "n1482644048", "criticality": 0.0258, "travelTimeSec": 82.5, "lengthM": 687.1, "roadClass": "local", "isBridge": true}}, {"type": "Feature", "geometry": {"type": "LineString", "coordinates": [[77.593754, 12.972334], [77.593885, 12.972423]]}, "properties": {"id": "e_osm_421", "source": "n3943327573", "target": "n3943327577", "criticality": 0.0239, "travelTimeSec": 2.1, "lengthM": 17.3, "roadClass": "local", "isBridge": false}}, {"type": "Feature", "geometry": {"type": "LineString", "coordinates": [[77.609912, 12.965022], [77.6099, 12.965037]]}, "properties": {"id": "e_osm_300", "source": "n9708542312", "target": "n4044110261", "criticality": 0.0258, "travelTimeSec": 0.3, "lengthM": 2.1, "roadClass": "local", "isBridge": false}}, {"type": "Feature", "geometry": {"type": "LineString", "coordinates": [[77.593988, 12.97193], [77.593994, 12.971853]]}, "properties": {"id": "e_osm_184", "source": "n4058224805", "target": "n4058224799", "criticality": 0.1539, "travelTimeSec": 1.0, "lengthM": 8.6, "roadClass": "local", "isBridge": false}}, {"type": "Feature", "geometry": {"type": "LineString", "coordinates": [[77.593988, 12.97193], [77.594044, 12.972113]]}, "properties": {"id": "e_osm_345", "source": "n4058224805", "target": "n4058224836", "criticality": 0.1528, "travelTimeSec": 2.7, "lengthM": 22.3, "roadClass": "local", "isBridge": false}}, {"type": "Feature", "geometry": {"type": "LineString", "coordinates": [[77.593994, 12.971853], [77.594247, 12.972022]]}, "properties": {"id": "e_osm_186", "source": "n4058224799", "target": "n4058224813", "criticality": 0.0714, "travelTimeSec": 4.0, "lengthM": 33.7, "roadClass": "local", "isBridge": false}}, {"type": "Feature", "geometry": {"type": "LineString", "coordinates": [[77.594247, 12.972022], [77.594044, 12.972113]]}, "properties": {"id": "e_osm_348", "source": "n4058224813", "target": "n4058224836", "criticality": 0.0267, "travelTimeSec": 2.9, "lengthM": 24.2, "roadClass": "local", "isBridge": false}}, {"type": "Feature", "geometry": {"type": "LineString", "coordinates": [[77.607412, 12.975208], [77.604303, 12.975966]]}, "properties": {"id": "e_osm_187", "source": "n11383482024", "target": "n423784680", "criticality": 0.0293, "travelTimeSec": 41.7, "lengthM": 347.3, "roadClass": "local", "isBridge": false}}, {"type": "Feature", "geometry": {"type": "LineString", "coordinates": [[77.604303, 12.975966], [77.602543, 12.976381]]}, "properties": {"id": "e_osm_426", "source": "n423784680", "target": "n334473863", "criticality": 0.0441, "travelTimeSec": 23.5, "lengthM": 196.2, "roadClass": "local", "isBridge": false}}, {"type": "Feature", "geometry": {"type": "LineString", "coordinates": [[77.606824, 12.966239], [77.608718, 12.966655]]}, "properties": {"id": "e_osm_266", "source": "n2473493601", "target": "n11919132703", "criticality": 0.2021, "travelTimeSec": 15.1, "lengthM": 210.3, "roadClass": "arterial", "isBridge": true}}, {"type": "Feature", "geometry": {"type": "LineString", "coordinates": [[77.606824, 12.966239], [77.606867, 12.965455]]}, "properties": {"id": "e_osm_476", "source": "n2473493601", "target": "n13800870795", "criticality": 0.0514, "travelTimeSec": 6.3, "lengthM": 87.5, "roadClass": "arterial", "isBridge": true}}, {"type": "Feature", "geometry": {"type": "LineString", "coordinates": [[77.587917, 12.984307], [77.587968, 12.984446]]}, "properties": {"id": "e_osm_356", "source": "n2190851973", "target": "n3632570061", "criticality": 0.0068, "travelTimeSec": 2.0, "lengthM": 16.4, "roadClass": "local", "isBridge": false}}, {"type": "Feature", "geometry": {"type": "LineString", "coordinates": [[77.587917, 12.984307], [77.587551, 12.984211]]}, "properties": {"id": "e_osm_357", "source": "n2190851973", "target": "n1726148405", "criticality": 0.0497, "travelTimeSec": 4.9, "lengthM": 41.2, "roadClass": "local", "isBridge": false}}, {"type": "Feature", "geometry": {"type": "LineString", "coordinates": [[77.587917, 12.984307], [77.58808, 12.984361]]}, "properties": {"id": "e_osm_362", "source": "n2190851973", "target": "n1726148402", "criticality": 0.1475, "travelTimeSec": 2.2, "lengthM": 18.6, "roadClass": "local", "isBridge": false}}, {"type": "Feature", "geometry": {"type": "LineString", "coordinates": [[77.599699, 12.967524], [77.59909, 12.966999]]}, "properties": {"id": "e_osm_285", "source": "n2189688559", "target": "n2189688552", "criticality": 0.4499, "travelTimeSec": 6.3, "lengthM": 88.1, "roadClass": "arterial", "isBridge": false}}, {"type": "Feature", "geometry": {"type": "LineString", "coordinates": [[77.604807, 12.970902], [77.606108, 12.971477]]}, "properties": {"id": "e_osm_308", "source": "n60952254", "target": "n248459877", "criticality": 0.3376, "travelTimeSec": 11.2, "lengthM": 154.9, "roadClass": "arterial", "isBridge": false}}, {"type": "Feature", "geometry": {"type": "LineString", "coordinates": [[77.614349, 12.975276], [77.608772, 12.977122]]}, "properties": {"id": "e_osm_196", "source": "n11432437452", "target": "n10075533187", "criticality": 0.0258, "travelTimeSec": 45.9, "lengthM": 638.2, "roadClass": "arterial", "isBridge": true}}, {"type": "Feature", "geometry": {"type": "LineString", "coordinates": [[77.608772, 12.977122], [77.608672, 12.977155]]}, "properties": {"id": "e_osm_197", "source": "n10075533187", "target": "n10075533190", "criticality": 0.1518, "travelTimeSec": 0.8, "lengthM": 11.5, "roadClass": "arterial", "isBridge": false}}, {"type": "Feature", "geometry": {"type": "LineString", "coordinates": [[77.608772, 12.977122], [77.608797, 12.977244]]}, "properties": {"id": "e_osm_211", "source": "n10075533187", "target": "n10075533188", "criticality": 0.0503, "travelTimeSec": 1.7, "lengthM": 13.8, "roadClass": "local", "isBridge": false}}, {"type": "Feature", "geometry": {"type": "LineString", "coordinates": [[77.608772, 12.977122], [77.60836, 12.975951]]}, "properties": {"id": "e_osm_242", "source": "n10075533187", "target": "n13800769599", "criticality": 0.1812, "travelTimeSec": 16.5, "lengthM": 137.7, "roadClass": "local", "isBridge": false}}, {"type": "Feature", "geometry": {"type": "LineString", "coordinates": [[77.608672, 12.977155], [77.608716, 12.977275]]}, "properties": {"id": "e_osm_217", "source": "n10075533190", "target": "n10075533189", "criticality": 0.0396, "travelTimeSec": 1.7, "lengthM": 14.2, "roadClass": "local", "isBridge": false}}, {"type": "Feature", "geometry": {"type": "LineString", "coordinates": [[77.608672, 12.977155], [77.607707, 12.977465]]}, "properties": {"id": "e_osm_226", "source": "n10075533190", "target": "n11169217412", "criticality": 0.6016, "travelTimeSec": 7.9, "lengthM": 110.1, "roadClass": "arterial", "isBridge": false}}, {"type": "Feature", "geometry": {"type": "LineString", "coordinates": [[77.608672, 12.977155], [77.608244, 12.975991]]}, "properties": {"id": "e_osm_245", "source": "n10075533190", "target": "n13800769597", "criticality": 0.4802, "travelTimeSec": 16.6, "lengthM": 138.6, "roadClass": "local", "isBridge": false}}, {"type": "Feature", "geometry": {"type": "LineString", "coordinates": [[77.602424, 12.979315], [77.602489, 12.979386]]}, "properties": {"id": "e_osm_200", "source": "n10684915914", "target": "n10684915913", "criticality": 0.1368, "travelTimeSec": 1.3, "lengthM": 10.5, "roadClass": "local", "isBridge": false}}, {"type": "Feature", "geometry": {"type": "LineString", "coordinates": [[77.602424, 12.979315], [77.602513, 12.979284]]}, "properties": {"id": "e_osm_353", "source": "n10684915914", "target": "n6421110959", "criticality": 0.2164, "travelTimeSec": 0.7, "lengthM": 10.2, "roadClass": "arterial", "isBridge": false}}, {"type": "Feature", "geometry": {"type": "LineString", "coordinates": [[77.602489, 12.979386], [77.602513, 12.979284]]}, "properties": {"id": "e_osm_352", "source": "n10684915913", "target": "n6421110959", "criticality": 0.2408, "travelTimeSec": 1.4, "lengthM": 11.6, "roadClass": "local", "isBridge": false}}, {"type": "Feature", "geometry": {"type": "LineString", "coordinates": [[77.587551, 12.984211], [77.582323, 12.984277]]}, "properties": {"id": "e_osm_201", "source": "n1726148405", "target": "n665045215", "criticality": 0.0258, "travelTimeSec": 70.0, "lengthM": 583.7, "roadClass": "local", "isBridge": true}}, {"type": "Feature", "geometry": {"type": "LineString", "coordinates": [[77.588265, 12.984437], [77.58826, 12.984541]]}, "properties": {"id": "e_osm_409", "source": "n11769490827", "target": "n12143506755", "criticality": 0.041, "travelTimeSec": 1.4, "lengthM": 11.6, "roadClass": "local", "isBridge": false}}, {"type": "Feature", "geometry": {"type": "LineString", "coordinates": [[77.588265, 12.984437], [77.58808, 12.984361]]}, "properties": {"id": "e_osm_411", "source": "n11769490827", "target": "n1726148402", "criticality": 0.2611, "travelTimeSec": 2.6, "lengthM": 21.7, "roadClass": "local", "isBridge": false}}, {"type": "Feature", "geometry": {"type": "LineString", "coordinates": [[77.603015, 12.984246], [77.603113, 12.98422]]}, "properties": {"id": "e_osm_257", "source": "n5558684107", "target": "n1523537385", "criticality": 0.2104, "travelTimeSec": 1.3, "lengthM": 11.0, "roadClass": "local", "isBridge": false}}, {"type": "Feature", "geometry": {"type": "LineString", "coordinates": [[77.608797, 12.977244], [77.608716, 12.977275]]}, "properties": {"id": "e_osm_216", "source": "n10075533188", "target": "n10075533189", "criticality": 0.109, "travelTimeSec": 0.7, "lengthM": 9.4, "roadClass": "arterial", "isBridge": false}}, {"type": "Feature", "geometry": {"type": "LineString", "coordinates": [[77.608797, 12.977244], [77.609918, 12.976879]]}, "properties": {"id": "e_osm_368", "source": "n10075533188", "target": "n10706501852", "criticality": 0.0514, "travelTimeSec": 9.2, "lengthM": 128.1, "roadClass": "arterial", "isBridge": true}}, {"type": "Feature", "geometry": {"type": "LineString", "coordinates": [[77.609918, 12.976879], [77.614466, 12.975369]]}, "properties": {"id": "e_osm_212", "source": "n10706501852", "target": "n12632082427", "criticality": 0.0258, "travelTimeSec": 37.5, "lengthM": 520.6, "roadClass": "arterial", "isBridge": true}}, {"type": "Feature", "geometry": {"type": "LineString", "coordinates": [[77.608716, 12.977275], [77.609053, 12.978201]]}, "properties": {"id": "e_osm_213", "source": "n10075533189", "target": "n6455277121", "criticality": 0.0718, "travelTimeSec": 13.1, "lengthM": 109.2, "roadClass": "local", "isBridge": false}}, {"type": "Feature", "geometry": {"type": "LineString", "coordinates": [[77.608716, 12.977275], [77.607742, 12.977585]]}, "properties": {"id": "e_osm_227", "source": "n10075533189", "target": "n3387938695", "criticality": 0.1704, "travelTimeSec": 8.0, "lengthM": 111.1, "roadClass": "arterial", "isBridge": false}}, {"type": "Feature", "geometry": {"type": "LineString", "coordinates": [[77.609375, 12.974741], [77.608235, 12.974998]]}, "properties": {"id": "e_osm_220", "source": "n334473795", "target": "n11383482022", "criticality": 0.0769, "travelTimeSec": 15.2, "lengthM": 126.8, "roadClass": "local", "isBridge": true}}, {"type": "Feature", "geometry": {"type": "LineString", "coordinates": [[77.609375, 12.974741], [77.609441, 12.974726]]}, "properties": {"id": "e_osm_326", "source": "n334473795", "target": "n9346392084", "criticality": 0.0514, "travelTimeSec": 0.9, "lengthM": 7.3, "roadClass": "local", "isBridge": true}}, {"type": "Feature", "geometry": {"type": "LineString", "coordinates": [[77.608235, 12.974998], [77.608042, 12.975057]]}, "properties": {"id": "e_osm_392", "source": "n11383482022", "target": "n11464483504", "criticality": 0.1022, "travelTimeSec": 2.6, "lengthM": 22.0, "roadClass": "local", "isBridge": true}}, {"type": "Feature", "geometry": {"type": "LineString", "coordinates": [[77.606628, 12.977955], [77.606694, 12.977934]]}, "properties": {"id": "e_osm_223", "source": "n11432437464", "target": "n11432459015", "criticality": 0.1276, "travelTimeSec": 0.5, "lengthM": 7.5, "roadClass": "arterial", "isBridge": false}}, {"type": "Feature", "geometry": {"type": "LineString", "coordinates": [[77.606545, 12.977845], [77.606635, 12.977814]]}, "properties": {"id": "e_osm_335", "source": "n1351131659", "target": "n7697940570", "criticality": 0.7266, "travelTimeSec": 0.7, "lengthM": 10.4, "roadClass": "arterial", "isBridge": false}}, {"type": "Feature", "geometry": {"type": "LineString", "coordinates": [[77.606694, 12.977934], [77.606849, 12.977881]]}, "properties": {"id": "e_osm_225", "source": "n11432459015", "target": "n10001402819", "criticality": 0.1292, "travelTimeSec": 1.3, "lengthM": 17.8, "roadClass": "arterial", "isBridge": false}}, {"type": "Feature", "geometry": {"type": "LineString", "coordinates": [[77.607479, 12.977542], [77.606635, 12.977814]]}, "properties": {"id": "e_osm_224", "source": "n11169217411", "target": "n7697940570", "criticality": 0.7159, "travelTimeSec": 6.9, "lengthM": 96.3, "roadClass": "arterial", "isBridge": false}}, {"type": "Feature", "geometry": {"type": "LineString", "coordinates": [[77.606849, 12.977881], [77.607509, 12.977658]]}, "properties": {"id": "e_osm_334", "source": "n10001402819", "target": "n3387938696", "criticality": 0.1187, "travelTimeSec": 5.5, "lengthM": 75.7, "roadClass": "arterial", "isBridge": false}}, {"type": "Feature", "geometry": {"type": "LineString", "coordinates": [[77.588348, 12.976383], [77.58844, 12.976425]]}, "properties": {"id": "e_osm_325", "source": "n10038553694", "target": "n10038553715", "criticality": 0.5006, "travelTimeSec": 0.8, "lengthM": 11.0, "roadClass": "arterial", "isBridge": false}}, {"type": "Feature", "geometry": {"type": "LineString", "coordinates": [[77.587834, 12.976103], [77.58744, 12.975816]]}, "properties": {"id": "e_osm_230", "source": "n663311718", "target": "n12141911042", "criticality": 0.0816, "travelTimeSec": 3.9, "lengthM": 53.8, "roadClass": "arterial", "isBridge": false}}, {"type": "Feature", "geometry": {"type": "LineString", "coordinates": [[77.587834, 12.976103], [77.587661, 12.976127]]}, "properties": {"id": "e_osm_401", "source": "n663311718", "target": "n10978687876", "criticality": 0.0185, "travelTimeSec": 2.8, "lengthM": 38.4, "roadClass": "arterial", "isBridge": false}}, {"type": "Feature", "geometry": {"type": "LineString", "coordinates": [[77.58744, 12.975816], [77.587393, 12.976003]]}, "properties": {"id": "e_osm_438", "source": "n12141911042", "target": "n10980051591", "criticality": 0.2922, "travelTimeSec": 1.6, "lengthM": 22.2, "roadClass": "arterial", "isBridge": false}}, {"type": "Feature", "geometry": {"type": "LineString", "coordinates": [[77.58744, 12.975816], [77.587421, 12.975773]]}, "properties": {"id": "e_osm_439", "source": "n12141911042", "target": "n12141911043", "criticality": 0.3678, "travelTimeSec": 0.4, "lengthM": 5.2, "roadClass": "arterial", "isBridge": false}}, {"type": "Feature", "geometry": {"type": "LineString", "coordinates": [[77.594377, 12.972028], [77.59466, 12.971922]]}, "properties": {"id": "e_osm_231", "source": "n5340711535", "target": "n4960826818", "criticality": 0.0443, "travelTimeSec": 3.9, "lengthM": 32.9, "roadClass": "local", "isBridge": false}}, {"type": "Feature", "geometry": {"type": "LineString", "coordinates": [[77.59466, 12.971922], [77.597245, 12.971167]]}, "properties": {"id": "e_osm_399", "source": "n4960826818", "target": "n12558269349", "criticality": 0.0208, "travelTimeSec": 35.5, "lengthM": 296.1, "roadClass": "local", "isBridge": false}}, {"type": "Feature", "geometry": {"type": "LineString", "coordinates": [[77.594082, 12.972152], [77.594044, 12.972113]]}, "properties": {"id": "e_osm_317", "source": "n4058224852", "target": "n4058224836", "criticality": 0.1757, "travelTimeSec": 0.7, "lengthM": 5.9, "roadClass": "local", "isBridge": false}}, {"type": "Feature", "geometry": {"type": "LineString", "coordinates": [[77.594082, 12.972152], [77.594011, 12.972206]]}, "properties": {"id": "e_osm_318", "source": "n4058224852", "target": "n246397920", "criticality": 0.099, "travelTimeSec": 1.2, "lengthM": 9.8, "roadClass": "local", "isBridge": false}}, {"type": "Feature", "geometry": {"type": "LineString", "coordinates": [[77.594082, 12.972152], [77.594132, 12.972211]]}, "properties": {"id": "e_osm_384", "source": "n4058224852", "target": "n4058224850", "criticality": 0.1893, "travelTimeSec": 1.0, "lengthM": 8.5, "roadClass": "local", "isBridge": false}}, {"type": "Feature", "geometry": {"type": "LineString", "coordinates": [[77.586667, 12.974495], [77.586556, 12.974071]]}, "properties": {"id": "e_osm_406", "source": "n1637604205", "target": "n3943327591", "criticality": 0.8435, "travelTimeSec": 3.5, "lengthM": 48.8, "roadClass": "arterial", "isBridge": false}}, {"type": "Feature", "geometry": {"type": "LineString", "coordinates": [[77.586633, 12.973346], [77.587305, 12.968463]]}, "properties": {"id": "e_osm_236", "source": "n3943327583", "target": "n665062621", "criticality": 0.8304, "travelTimeSec": 39.4, "lengthM": 547.8, "roadClass": "arterial", "isBridge": false}}, {"type": "Feature", "geometry": {"type": "LineString", "coordinates": [[77.586633, 12.973346], [77.586556, 12.974071]]}, "properties": {"id": "e_osm_405", "source": "n3943327583", "target": "n3943327591", "criticality": 0.8371, "travelTimeSec": 5.8, "lengthM": 81.2, "roadClass": "arterial", "isBridge": false}}, {"type": "Feature", "geometry": {"type": "LineString", "coordinates": [[77.58747, 12.983003], [77.58808, 12.984361]]}, "properties": {"id": "e_osm_358", "source": "n6458845550", "target": "n1726148402", "criticality": 0.0985, "travelTimeSec": 19.8, "lengthM": 165.0, "roadClass": "local", "isBridge": false}}, {"type": "Feature", "geometry": {"type": "LineString", "coordinates": [[77.58747, 12.983003], [77.586727, 12.981666]]}, "properties": {"id": "e_osm_359", "source": "n6458845550", "target": "n12704069723", "criticality": 0.0904, "travelTimeSec": 20.4, "lengthM": 169.8, "roadClass": "local", "isBridge": false}}, {"type": "Feature", "geometry": {"type": "LineString", "coordinates": [[77.60836, 12.975951], [77.608244, 12.975991]]}, "properties": {"id": "e_osm_475", "source": "n13800769599", "target": "n13800769597", "criticality": 0.0032, "travelTimeSec": 1.0, "lengthM": 13.3, "roadClass": "arterial", "isBridge": false}}, {"type": "Feature", "geometry": {"type": "LineString", "coordinates": [[77.588219, 12.984514], [77.587968, 12.984446]]}, "properties": {"id": "e_osm_248", "source": "n6894328262", "target": "n3632570061", "criticality": 0.0798, "travelTimeSec": 3.4, "lengthM": 28.2, "roadClass": "local", "isBridge": false}}, {"type": "Feature", "geometry": {"type": "LineString", "coordinates": [[77.588219, 12.984514], [77.58826, 12.984541]]}, "properties": {"id": "e_osm_249", "source": "n6894328262", "target": "n12143506755", "criticality": 0.1064, "travelTimeSec": 0.6, "lengthM": 5.4, "roadClass": "local", "isBridge": false}}, {"type": "Feature", "geometry": {"type": "LineString", "coordinates": [[77.588219, 12.984514], [77.58808, 12.984361]]}, "properties": {"id": "e_osm_410", "source": "n6894328262", "target": "n1726148402", "criticality": 0.0079, "travelTimeSec": 2.7, "lengthM": 22.7, "roadClass": "local", "isBridge": false}}, {"type": "Feature", "geometry": {"type": "LineString", "coordinates": [[77.587968, 12.984446], [77.588059, 12.984606]]}, "properties": {"id": "e_osm_273", "source": "n3632570061", "target": "n665045242", "criticality": 0.0114, "travelTimeSec": 2.4, "lengthM": 20.3, "roadClass": "local", "isBridge": false}}, {"type": "Feature", "geometry": {"type": "LineString", "coordinates": [[77.608718, 12.966655], [77.6099, 12.965037]]}, "properties": {"id": "e_osm_301", "source": "n11919132703", "target": "n4044110261", "criticality": 0.051, "travelTimeSec": 26.5, "lengthM": 220.9, "roadClass": "local", "isBridge": false}}, {"type": "Feature", "geometry": {"type": "LineString", "coordinates": [[77.58667, 12.965619], [77.586539, 12.965277]]}, "properties": {"id": "e_osm_373", "source": "n12128921371", "target": "n1568922479", "criticality": 0.0514, "travelTimeSec": 3.0, "lengthM": 41.9, "roadClass": "arterial", "isBridge": true}}, {"type": "Feature", "geometry": {"type": "LineString", "coordinates": [[77.585219, 12.963938], [77.586539, 12.965277]]}, "properties": {"id": "e_osm_268", "source": "n12077162815", "target": "n1568922479", "criticality": 0.0258, "travelTimeSec": 14.9, "lengthM": 207.1, "roadClass": "arterial", "isBridge": true}}, {"type": "Feature", "geometry": {"type": "LineString", "coordinates": [[77.606108, 12.971477], [77.607044, 12.971927]]}, "properties": {"id": "e_osm_271", "source": "n248459877", "target": "n248455485", "criticality": 0.2637, "travelTimeSec": 8.2, "lengthM": 113.2, "roadClass": "arterial", "isBridge": false}}, {"type": "Feature", "geometry": {"type": "LineString", "coordinates": [[77.607044, 12.971927], [77.607039, 12.971451]]}, "properties": {"id": "e_osm_280", "source": "n248455485", "target": "n5372824878", "criticality": 0.3107, "travelTimeSec": 6.5, "lengthM": 54.0, "roadClass": "local", "isBridge": false}}, {"type": "Feature", "geometry": {"type": "LineString", "coordinates": [[77.588059, 12.984606], [77.588096, 12.984677]]}, "properties": {"id": "e_osm_289", "source": "n665045242", "target": "n11169337573", "criticality": 0.0206, "travelTimeSec": 1.1, "lengthM": 8.9, "roadClass": "local", "isBridge": false}}, {"type": "Feature", "geometry": {"type": "LineString", "coordinates": [[77.606727, 12.964761], [77.60675, 12.966031]]}, "properties": {"id": "e_osm_276", "source": "n5164714948", "target": "n13507201652", "criticality": 0.0258, "travelTimeSec": 10.2, "lengthM": 141.5, "roadClass": "arterial", "isBridge": true}}, {"type": "Feature", "geometry": {"type": "LineString", "coordinates": [[77.586667, 12.976421], [77.58705, 12.976137]]}, "properties": {"id": "e_osm_278", "source": "n3943327636", "target": "n10121158807", "criticality": 0.1022, "travelTimeSec": 3.8, "lengthM": 52.2, "roadClass": "arterial", "isBridge": true}}, {"type": "Feature", "geometry": {"type": "LineString", "coordinates": [[77.586667, 12.976421], [77.585958, 12.976898]]}, "properties": {"id": "e_osm_287", "source": "n3943327636", "target": "n7276500273", "criticality": 0.0769, "travelTimeSec": 6.7, "lengthM": 93.4, "roadClass": "arterial", "isBridge": true}}, {"type": "Feature", "geometry": {"type": "LineString", "coordinates": [[77.58705, 12.976137], [77.587143, 12.976041]]}, "properties": {"id": "e_osm_435", "source": "n10121158807", "target": "n12141911057", "criticality": 0.1274, "travelTimeSec": 1.1, "lengthM": 14.7, "roadClass": "arterial", "isBridge": true}}, {"type": "Feature", "geometry": {"type": "LineString", "coordinates": [[77.59909, 12.966999], [77.598404, 12.966377]]}, "properties": {"id": "e_osm_286", "source": "n2189688552", "target": "n60952268", "criticality": 0.4438, "travelTimeSec": 7.3, "lengthM": 101.6, "roadClass": "arterial", "isBridge": false}}, {"type": "Feature", "geometry": {"type": "LineString", "coordinates": [[77.585958, 12.976898], [77.585548, 12.977182]]}, "properties": {"id": "e_osm_288", "source": "n7276500273", "target": "n7276500276", "criticality": 0.0514, "travelTimeSec": 3.9, "lengthM": 54.5, "roadClass": "arterial", "isBridge": true}}, {"type": "Feature", "geometry": {"type": "LineString", "coordinates": [[77.585548, 12.977182], [77.584599, 12.977834]]}, "properties": {"id": "e_osm_298", "source": "n7276500276", "target": "n597083726", "criticality": 0.0258, "travelTimeSec": 9.1, "lengthM": 125.7, "roadClass": "arterial", "isBridge": true}}, {"type": "Feature", "geometry": {"type": "LineString", "coordinates": [[77.600859, 12.976661], [77.599602, 12.9767]]}, "properties": {"id": "e_osm_454", "source": "n12670396698", "target": "n3343265828", "criticality": 0.1372, "travelTimeSec": 16.4, "lengthM": 136.3, "roadClass": "local", "isBridge": false}}, {"type": "Feature", "geometry": {"type": "LineString", "coordinates": [[77.601864, 12.976637], [77.607443, 12.975312]]}, "properties": {"id": "e_osm_378", "source": "n7676373070", "target": "n10713549349", "criticality": 0.0145, "travelTimeSec": 74.7, "lengthM": 622.5, "roadClass": "local", "isBridge": false}}, {"type": "Feature", "geometry": {"type": "LineString", "coordinates": [[77.610288, 12.970415], [77.609722, 12.970557]]}, "properties": {"id": "e_osm_297", "source": "n248459878", "target": "n11854316023", "criticality": 0.0258, "travelTimeSec": 7.8, "lengthM": 64.8, "roadClass": "local", "isBridge": true}}, {"type": "Feature", "geometry": {"type": "LineString", "coordinates": [[77.601453, 12.965642], [77.600826, 12.967337]]}, "properties": {"id": "e_osm_303", "source": "n248455467", "target": "n1067781033", "criticality": 0.0951, "travelTimeSec": 25.7, "lengthM": 214.6, "roadClass": "local", "isBridge": false}}, {"type": "Feature", "geometry": {"type": "LineString", "coordinates": [[77.594011, 12.972206], [77.59397, 12.972174]]}, "properties": {"id": "e_osm_347", "source": "n246397920", "target": "n10595455538", "criticality": 0.165, "travelTimeSec": 0.7, "lengthM": 5.7, "roadClass": "local", "isBridge": false}}, {"type": "Feature", "geometry": {"type": "LineString", "coordinates": [[77.594044, 12.972113], [77.59397, 12.972174]]}, "properties": {"id": "e_osm_344", "source": "n4058224836", "target": "n10595455538", "criticality": 0.0186, "travelTimeSec": 1.3, "lengthM": 10.5, "roadClass": "local", "isBridge": false}}, {"type": "Feature", "geometry": {"type": "LineString", "coordinates": [[77.593867, 12.972067], [77.59397, 12.972174]]}, "properties": {"id": "e_osm_319", "source": "n10783592399", "target": "n10595455538", "criticality": 0.171, "travelTimeSec": 2.0, "lengthM": 16.4, "roadClass": "local", "isBridge": false}}, {"type": "Feature", "geometry": {"type": "LineString", "coordinates": [[77.587393, 12.976003], [77.587661, 12.976127]]}, "properties": {"id": "e_osm_321", "source": "n10980051591", "target": "n10978687876", "criticality": 0.4901, "travelTimeSec": 2.3, "lengthM": 32.3, "roadClass": "arterial", "isBridge": false}}, {"type": "Feature", "geometry": {"type": "LineString", "coordinates": [[77.587393, 12.976003], [77.587203, 12.976063]]}, "properties": {"id": "e_osm_442", "source": "n10980051591", "target": "n12141911058", "criticality": 0.1959, "travelTimeSec": 1.6, "lengthM": 22.4, "roadClass": "arterial", "isBridge": false}}, {"type": "Feature", "geometry": {"type": "LineString", "coordinates": [[77.587661, 12.976127], [77.588311, 12.976469]]}, "properties": {"id": "e_osm_322", "source": "n10978687876", "target": "n10038553695", "criticality": 0.503, "travelTimeSec": 5.8, "lengthM": 80.0, "roadClass": "arterial", "isBridge": false}}, {"type": "Feature", "geometry": {"type": "LineString", "coordinates": [[77.609441, 12.974726], [77.610153, 12.974557]]}, "properties": {"id": "e_osm_371", "source": "n9346392084", "target": "n10017310823", "criticality": 0.0258, "travelTimeSec": 9.5, "lengthM": 79.5, "roadClass": "local", "isBridge": true}}, {"type": "Feature", "geometry": {"type": "LineString", "coordinates": [[77.595775, 12.983083], [77.595009, 12.982107]]}, "properties": {"id": "e_osm_329", "source": "n10683049209", "target": "n10685005810", "criticality": 0.1545, "travelTimeSec": 9.8, "lengthM": 136.7, "roadClass": "arterial", "isBridge": false}}, {"type": "Feature", "geometry": {"type": "LineString", "coordinates": [[77.601542, 12.974847], [77.601487, 12.974461]]}, "properties": {"id": "e_osm_337", "source": "n10286307776", "target": "n10286307779", "criticality": 0.3839, "travelTimeSec": 5.2, "lengthM": 43.3, "roadClass": "local", "isBridge": false}}, {"type": "Feature", "geometry": {"type": "LineString", "coordinates": [[77.608254, 12.975113], [77.611112, 12.974442]]}, "properties": {"id": "e_osm_338", "source": "n11383482023", "target": "n11854316019", "criticality": 0.0258, "travelTimeSec": 38.2, "lengthM": 318.5, "roadClass": "local", "isBridge": true}}, {"type": "Feature", "geometry": {"type": "LineString", "coordinates": [[77.586727, 12.981666], [77.585457, 12.979683]]}, "properties": {"id": "e_osm_360", "source": "n12704069723", "target": "n6458883687", "criticality": 0.0495, "travelTimeSec": 31.2, "lengthM": 259.9, "roadClass": "local", "isBridge": false}}, {"type": "Feature", "geometry": {"type": "LineString", "coordinates": [[77.586727, 12.981666], [77.586753, 12.981666]]}, "properties": {"id": "e_osm_459", "source": "n12704069723", "target": "n12704069722", "criticality": 0.1318, "travelTimeSec": 0.3, "lengthM": 2.8, "roadClass": "local", "isBridge": false}}, {"type": "Feature", "geometry": {"type": "LineString", "coordinates": [[77.585457, 12.979683], [77.584929, 12.978846]]}, "properties": {"id": "e_osm_361", "source": "n6458883687", "target": "n2190851926", "criticality": 0.0258, "travelTimeSec": 13.1, "lengthM": 109.3, "roadClass": "local", "isBridge": true}}, {"type": "Feature", "geometry": {"type": "LineString", "coordinates": [[77.587143, 12.976041], [77.587203, 12.976063]]}, "properties": {"id": "e_osm_449", "source": "n12141911057", "target": "n12141911058", "criticality": 0.1912, "travelTimeSec": 0.5, "lengthM": 7.0, "roadClass": "arterial", "isBridge": false}}, {"type": "Feature", "geometry": {"type": "LineString", "coordinates": [[77.587421, 12.975773], [77.58729, 12.975671]]}, "properties": {"id": "e_osm_440", "source": "n12141911043", "target": "n12141911061", "criticality": 0.3621, "travelTimeSec": 1.4, "lengthM": 18.8, "roadClass": "arterial", "isBridge": false}}, {"type": "Feature", "geometry": {"type": "LineString", "coordinates": [[77.586793, 12.981685], [77.586753, 12.981666]]}, "properties": {"id": "e_osm_457", "source": "n12704069721", "target": "n12704069722", "criticality": 0.0149, "travelTimeSec": 0.6, "lengthM": 4.8, "roadClass": "local", "isBridge": false}}, {"type": "Feature", "geometry": {"type": "LineString", "coordinates": [[77.606867, 12.965455], [77.606287, 12.959164]]}, "properties": {"id": "e_osm_477", "source": "n13800870795", "target": "n13800870777", "criticality": 0.0258, "travelTimeSec": 50.7, "lengthM": 704.6, "roadClass": "arterial", "isBridge": true}}], "meta": {"city": "Bengaluru", "source": "osm", "bbox": [12.965, 77.585, 12.985, 77.61], "edges": 480, "nodes": 367}}